sep=;
Order;Type;Category;Location;Classification;Comment;Message
39;Alarm (A);Out-of-bound array access;ALL_bc_with_context.c:331731.56-85;false;ALG TOOL: A1968 DELTA:;ALARM (A) array_out_of_bounds: [0, 7] not included in array index range [0, 1]
40;Alarm (A);Out-of-bound array access;ALL_bc_with_context.c:331734.58-87;false;ALG TOOL: A1968 DELTA:;ALARM (A) array_out_of_bounds: [0, 7] not included in array index range [0, 1]
41;Alarm (A);Out-of-bound array access;ALL_bc_with_context.c:331736.65-94;false;ALG TOOL: A1968 DELTA:;ALARM (A) array_out_of_bounds: [0, 7] not included in array index range [0, 1]
43;Alarm (A);Out-of-bound array access;ALL_bc_with_context.c:331739.65-94;false;ALG TOOL: A1968 DELTA:;ALARM (A) array_out_of_bounds: [0, 7] not included in array index range [0, 1]
45;Alarm (A);Out-of-bound array access;ALL_bc_with_context.c:331743.93-122;false;ALG TOOL: A1968 DELTA:;ALARM (A) array_out_of_bounds: [0, 7] not included in array index range [0, 1]
48;Alarm (A);Out-of-bound array access;ALL_bc_with_context.c:331747.68-97;false;ALG TOOL: A1968 DELTA:;ALARM (A) array_out_of_bounds: [0, 7] not included in array index range [0, 1]
51;Alarm (A);Out-of-bound array access;ALL_bc_with_context.c:331748.68-97;false;ALG TOOL: A1968 DELTA:;ALARM (A) array_out_of_bounds: [0, 7] not included in array index range [0, 1]
54;Alarm (A);Out-of-bound array access;ALL_bc_with_context.c:331752.111-140;false;ALG TOOL: A1968 DELTA:;ALARM (A) array_out_of_bounds: [0, 7] not included in array index range [0, 1]
57;Alarm (A);Out-of-bound array access;ALL_bc_with_context.c:331759.72-101;false;ALG TOOL: A1968 DELTA:;ALARM (A) array_out_of_bounds: [0, 7] not included in array index range [0, 1]
60;Alarm (A);Out-of-bound array access;ALL_bc_with_context.c:331759.209-238;false;ALG TOOL: A1968 DELTA:;ALARM (A) array_out_of_bounds: [0, 7] not included in array index range [0, 1]
63;Alarm (A);Out-of-bound array access;ALL_bc_with_context.c:331761.76-105;false;ALG TOOL: A1968 DELTA:;ALARM (A) array_out_of_bounds: [0, 7] not included in array index range [0, 1]
66;Alarm (A);Out-of-bound array access;ALL_bc_with_context.c:331761.219-248;false;ALG TOOL: A1968 DELTA:;ALARM (A) array_out_of_bounds: [0, 7] not included in array index range [0, 1]
69;Alarm (A);Out-of-bound array access;ALL_bc_with_context.c:331780.82-111;false;ALG TOOL: A1968 DELTA:;ALARM (A) array_out_of_bounds: [0, 7] not included in array index range [0, 1]
72;Alarm (A);Out-of-bound array access;ALL_bc_with_context.c:331781.85-114;false;ALG TOOL: A1968 DELTA:;ALARM (A) array_out_of_bounds: [0, 7] not included in array index range [0, 1]
75;Alarm (A);Out-of-bound array access;ALL_bc_with_context.c:331784.65-94;false;ALG TOOL: A1968 DELTA:;ALARM (A) array_out_of_bounds: [0, 7] not included in array index range [0, 1]
78;Alarm (A);Out-of-bound array access;ALL_bc_with_context.c:331785.65-94;false;ALG TOOL: A1968 DELTA:;ALARM (A) array_out_of_bounds: [0, 7] not included in array index range [0, 1]
83;Alarm (A);Out-of-bound array access;ALL_bc_with_context.c:278906.59-88;false;ALG TOOL: A1968 DELTA:;ALARM (A) array_out_of_bounds: [0, 7] not included in array index range [0, 1]
84;Alarm (A);Out-of-bound array access;ALL_bc_with_context.c:278917.60-89;false;ALG TOOL: A1968 DELTA:;ALARM (A) array_out_of_bounds: [0, 7] not included in array index range [0, 1]
85;Alarm (A);Out-of-bound array access;ALL_bc_with_context.c:278919.68-97;false;ALG TOOL: A1968 DELTA:;ALARM (A) array_out_of_bounds: [0, 7] not included in array index range [0, 1]
87;Alarm (A);Out-of-bound array access;ALL_bc_with_context.c:278922.69-98;false;ALG TOOL: A1968 DELTA:;ALARM (A) array_out_of_bounds: [0, 7] not included in array index range [0, 1]
91;Alarm (A);Out-of-bound array access;ALL_bc_with_context.c:331814.53-82;false;ALG TOOL: A1968 DELTA:;ALARM (A) array_out_of_bounds: [0, 7] not included in array index range [0, 1]
94;Alarm (A);Out-of-bound array access;ALL_bc_with_context.c:331815.53-82;false;ALG TOOL: A1968 DELTA:;ALARM (A) array_out_of_bounds: [0, 7] not included in array index range [0, 1]
105;Alarm (A);Out-of-bound array access;ALL_bc_with_context.c:331819.56-85;false;ALG TOOL: A1968 DELTA:;ALARM (A) array_out_of_bounds: [0, 7] not included in array index range [0, 1]
108;Alarm (A);Out-of-bound array access;ALL_bc_with_context.c:331820.56-85;false;ALG TOOL: A1968 DELTA:;ALARM (A) array_out_of_bounds: [0, 7] not included in array index range [0, 1]
111;Alarm (A);Out-of-bound array access;ALL_bc_with_context.c:331838.55-84;false;ALG TOOL: A1968 DELTA:;ALARM (A) array_out_of_bounds: [0, 7] not included in array index range [0, 1]
161;Alarm (A);Out-of-bound array access;ALL_bc_with_context.c:331924.56-85;false;ALG TOOL: A1968 DELTA:;ALARM (A) array_out_of_bounds: [0, 7] not included in array index range [0, 1]
164;Alarm (A);Out-of-bound array access;ALL_bc_with_context.c:331925.56-85;false;ALG TOOL: A1968 DELTA:;ALARM (A) array_out_of_bounds: [0, 7] not included in array index range [0, 1]
195;Alarm (A);Out-of-bound array access;ALL_bc_with_context.c:261070.65-79;false;ALG TOOL: A1968 DELTA:;ALARM (A) array_out_of_bounds: [0, 255] not included in array index range [0, 1]
200;Alarm (A);Out-of-bound array access;ALL_bc_with_context.c:334676.53-71;false;ALG TOOL: A1968 DELTA:;ALARM (A) array_out_of_bounds: [0, 21] not included in array index range [0, 20]
705;Alarm (A);Out-of-bound array access;ALL_bc_with_context.c:378626.44-45;false;ALG TOOL: A1968 DELTA: DB true/undecided;ALARM (A) array_out_of_bounds: [0, 8] not included in array index range [0, 7]
716;Alarm (A);Out-of-bound array access;ALL_bc_with_context.c:378433.44-45;false;ALG TOOL: A1968 DELTA: DB true/undecided;ALARM (A) array_out_of_bounds: [0, 8] not included in array index range [0, 7]
836;Alarm (A);Out-of-bound array access;ALL_bc_with_context.c:351686.36-43;false;ALG TOOL: A1968 DELTA:;ALARM (A) array_out_of_bounds: [2, 15] not included in array index range [0, 14]
844;Alarm (A);Out-of-bound array access;ALL_bc_with_context.c:351811.38-45;false;ALG TOOL: A1968 DELTA:;ALARM (A) array_out_of_bounds: [0, 15] not included in array index range [0, 14]
853;Alarm (A);Out-of-bound array access;ALL_bc_with_context.c:238453.38-49;false;ALG TOOL: A1968 DELTA:;ALARM (A) array_out_of_bounds: [1, 2147483944] not included in array index range [0, 297]
859;Alarm (A);Out-of-bound array access;ALL_bc_with_context.c:238550.51-83;false;ALG TOOL: A1968 DELTA:;ALARM (A) array_out_of_bounds: [0, 65535] not included in array index range [0, 297]
1,112;Alarm (A);Out-of-bound array access;ALL_bc_with_context.c:352840.82-90;false;ALG TOOL: A1968 DELTA:;ALARM (A) array_out_of_bounds: [0, 255] not included in array index range [0, 21]
1,113;Alarm (A);Out-of-bound array access;ALL_bc_with_context.c:353118.83-91;false;ALG TOOL: A1968 DELTA:;ALARM (A) array_out_of_bounds: [0, 255] not included in array index range [0, 21]
1,115;Alarm (A);Out-of-bound array access;ALL_bc_with_context.c:352402.83-91;false;ALG TOOL: A1968 DELTA:;ALARM (A) array_out_of_bounds: [0, 255] not included in array index range [0, 21]
1,116;Alarm (A);Out-of-bound array access;ALL_bc_with_context.c:352406.83-91;false;ALG TOOL: A1968 DELTA:;ALARM (A) array_out_of_bounds: [0, 255] not included in array index range [0, 21]
1,117;Alarm (A);Out-of-bound array access;ALL_bc_with_context.c:352410.80-88;false;ALG TOOL: A1968 DELTA:;ALARM (A) array_out_of_bounds: [0, 255] not included in array index range [0, 21]
1,118;Alarm (A);Out-of-bound array access;ALL_bc_with_context.c:354074.68-76;false;ALG TOOL: A1968 DELTA:;ALARM (A) array_out_of_bounds: [0, 255] not included in array index range [0, 21]
1,119;Alarm (A);Out-of-bound array access;ALL_bc_with_context.c:354149.69-77;false;ALG TOOL: A1968 DELTA:;ALARM (A) array_out_of_bounds: [0, 255] not included in array index range [0, 21]
1,120;Alarm (A);Out-of-bound array access;ALL_bc_with_context.c:353978.62-70;false;ALG TOOL: A1968 DELTA:;ALARM (A) array_out_of_bounds: [0, 255] not included in array index range [0, 21]
1,121;Alarm (A);Out-of-bound array access;ALL_bc_with_context.c:354023.65-73;false;ALG TOOL: A1968 DELTA:;ALARM (A) array_out_of_bounds: [0, 255] not included in array index range [0, 21]
1,122;Alarm (A);Out-of-bound array access;ALL_bc_with_context.c:353263.60-68;false;ALG TOOL: A1968 DELTA:;ALARM (A) array_out_of_bounds: [0, 255] not included in array index range [0, 21]
1,123;Alarm (A);Out-of-bound array access;ALL_bc_with_context.c:352553.74-82;false;ALG TOOL: A1968 DELTA:;ALARM (A) array_out_of_bounds: [0, 255] not included in array index range [0, 21]
1,124;Alarm (A);Out-of-bound array access;ALL_bc_with_context.c:352557.74-82;false;ALG TOOL: A1968 DELTA:;ALARM (A) array_out_of_bounds: [0, 255] not included in array index range [0, 21]
1,125;Alarm (A);Out-of-bound array access;ALL_bc_with_context.c:352561.71-79;false;ALG TOOL: A1968 DELTA:;ALARM (A) array_out_of_bounds: [0, 255] not included in array index range [0, 21]
1,126;Alarm (A);Out-of-bound array access;ALL_bc_with_context.c:354394.58-101;false;ALG TOOL: A1968 DELTA:;ALARM (A) array_out_of_bounds: [0, 255] not included in array index range [0, 21]
1,128;Alarm (A);Out-of-bound array access;ALL_bc_with_context.c:8177.57-96;false;ALG TOOL: A1968 DELTA:;ALARM (A) array_out_of_bounds: [0, 255] not included in array index range [0, 21]
1,129;Alarm (A);Out-of-bound array access;ALL_bc_with_context.c:354373.16-34;false;ALG TOOL: A1968 DELTA:;ALARM (A) array_out_of_bounds: [0, 255] not included in array index range [0, 42]
1,172;Alarm (A);Out-of-bound array access;ALL_bc_with_context.c:334791.53-64;false;ALG TOOL: A1968 DELTA:;ALARM (A) array_out_of_bounds: [0, 21] not included in array index range [0, 20]
1,269;Alarm (A);Out-of-bound array access;ALL_bc_with_context.c:290150.40-52;false;ALG TOOL: A1968 DELTA:;ALARM (A) array_out_of_bounds: [0, 255] not included in array index range [0, 7]
1,271;Alarm (A);Out-of-bound array access;ALL_bc_with_context.c:290150.57-70;false;ALG TOOL: A1968 DELTA:;ALARM (A) array_out_of_bounds: [0, 255] not included in array index range [0, 15]
1,273;Alarm (A);Out-of-bound array access;ALL_bc_with_context.c:290184.32-44;false;ALG TOOL: A1968 DELTA:;ALARM (A) array_out_of_bounds: [0, 255] not included in array index range [0, 7]
1,275;Alarm (A);Out-of-bound array access;ALL_bc_with_context.c:290184.49-62;false;ALG TOOL: A1968 DELTA:;ALARM (A) array_out_of_bounds: [0, 255] not included in array index range [0, 15]
1,278;Alarm (A);Out-of-bound array access;ALL_bc_with_context.c:290187.56-72;false;ALG TOOL: A1968 DELTA:;ALARM (A) array_out_of_bounds: [0, 255] not included in array index range [0, 63]
1,279;Alarm (A);Out-of-bound array access;ALL_bc_with_context.c:292190.53-64;false;ALG TOOL: A1968 DELTA:;ALARM (A) array_out_of_bounds: [0, 21] not included in array index range [0, 20]
1,284;Alarm (A);Out-of-bound array access;ALL_bc_with_context.c:282505.29-39;false;ALG TOOL: A1968 DELTA:;ALARM (A) array_out_of_bounds: [0, 255] not included in array index range [0, 5]
1,288;Alarm (A);Out-of-bound array access;ALL_bc_with_context.c:282694.29-39;false;ALG TOOL: A1968 DELTA:;ALARM (A) array_out_of_bounds: [0, 255] not included in array index range [0, 5]
1,354;Alarm (A);Out-of-bound array access;ALL_bc_with_context.c:291476.69-83;false;ALG TOOL: A1968 DELTA:;ALARM (A) array_out_of_bounds: [0, 255] not included in array index range [0, 1]
1,358;Alarm (A);Out-of-bound array access;ALL_bc_with_context.c:279357.58-87;false;ALG TOOL: A1968 DELTA:;ALARM (A) array_out_of_bounds: [0, 7] not included in array index range [0, 1]
1,361;Alarm (A);Out-of-bound array access;ALL_bc_with_context.c:279358.58-87;false;ALG TOOL: A1968 DELTA:;ALARM (A) array_out_of_bounds: [0, 7] not included in array index range [0, 1]
1,380;Alarm (A);Out-of-bound array access;ALL_bc_with_context.c:319483.18-50;false;ALG TOOL: A1968 DELTA:;ALARM (A) array_out_of_bounds: [0, 4294967295] not included in array index range [0, 23]
1,382;Alarm (A);Out-of-bound array access;ALL_bc_with_context.c:319569.18-50;false;ALG TOOL: A1968 DELTA:;ALARM (A) array_out_of_bounds: [0, 4294967295] not included in array index range [0, 23]
1,448;Alarm (A);Out-of-bound array access;ALL_bc_with_context.c:310890.60-94;false;ALG TOOL: A1968 DELTA:;ALARM (A) array_out_of_bounds: [0, 255] not included in array index range [0, 7]
1,450;Alarm (A);Out-of-bound array access;ALL_bc_with_context.c:310916.60-94;false;ALG TOOL: A1968 DELTA:;ALARM (A) array_out_of_bounds: [0, 255] not included in array index range [0, 7]
1,457;Alarm (A);Out-of-bound array access;ALL_bc_with_context.c:272321.70-84;false;ALG TOOL: A1968 DELTA:;ALARM (A) array_out_of_bounds: [0, 77] not included in array index range [0, 76]
1,460;Alarm (A);Out-of-bound array access;ALL_bc_with_context.c:272352.70-84;false;ALG TOOL: A1968 DELTA:;ALARM (A) array_out_of_bounds: [0, 77] not included in array index range [0, 76]
1,464;Alarm (A);Out-of-bound array access;ALL_bc_with_context.c:272382.48-75;false;ALG TOOL: A1968 DELTA:;ALARM (A) array_out_of_bounds: [0, 76] not included in array index range [0, 51]
1,469;Alarm (A);Out-of-bound array access;ALL_bc_with_context.c:273217.37-53;false;ALG TOOL: A1968 DELTA:;ALARM (A) array_out_of_bounds: [0, 21] not included in array index range [0, 20]
1,497;Alarm (A);Out-of-bound array access;ALL_bc_with_context.c:272984.26-53;false;ALG TOOL: A1968 DELTA:;ALARM (A) array_out_of_bounds: [0, 255] not included in array index range [0, 36]
1,498;Alarm (A);Out-of-bound array access;ALL_bc_with_context.c:272999.34-63;false;ALG TOOL: A1968 DELTA:;ALARM (A) array_out_of_bounds: [0, 255] not included in array index range [0, 22]
1,556;Alarm (A);Out-of-bound array access;ALL_bc_with_context.c:319255.50-91;false;ALG TOOL: A1968 DELTA:;ALARM (A) array_out_of_bounds: [0, 4294967295] not included in array index range [0, 23]
1,557;Alarm (A);Out-of-bound array access;ALL_bc_with_context.c:319256.50-91;false;ALG TOOL: A1968 DELTA:;ALARM (A) array_out_of_bounds: [0, 4294967295] not included in array index range [0, 23]
1,560;Alarm (A);Out-of-bound array access;ALL_bc_with_context.c:319257.50-91;false;ALG TOOL: A1968 DELTA:;ALARM (A) array_out_of_bounds: [0, 4294967295] not included in array index range [0, 23]
1,561;Alarm (A);Out-of-bound array access;ALL_bc_with_context.c:319263.50-91;false;ALG TOOL: A1968 DELTA:;ALARM (A) array_out_of_bounds: [0, 4294967295] not included in array index range [0, 23]
1,564;Alarm (A);Out-of-bound array access;ALL_bc_with_context.c:319288.50-91;false;ALG TOOL: A1968 DELTA:;ALARM (A) array_out_of_bounds: [0, 4294967295] not included in array index range [0, 23]
1,565;Alarm (A);Out-of-bound array access;ALL_bc_with_context.c:319289.50-91;false;ALG TOOL: A1968 DELTA:;ALARM (A) array_out_of_bounds: [0, 4294967295] not included in array index range [0, 23]
1,567;Alarm (A);Out-of-bound array access;ALL_bc_with_context.c:319290.50-91;false;ALG TOOL: A1968 DELTA:;ALARM (A) array_out_of_bounds: [0, 4294967295] not included in array index range [0, 23]
1,569;Alarm (A);Out-of-bound array access;ALL_bc_with_context.c:319296.50-91;false;ALG TOOL: A1968 DELTA:;ALARM (A) array_out_of_bounds: [0, 4294967295] not included in array index range [0, 23]
1,669;Alarm (A);Out-of-bound array access;ALL_bc_with_context.c:309003.47-57;false;ALG TOOL: A1968 DELTA:;ALARM (A) array_out_of_bounds: [0, 255] not included in array index range [0, 5]
1,671;Alarm (A);Out-of-bound array access;ALL_bc_with_context.c:309003.62-75;false;ALG TOOL: A1968 DELTA:;ALARM (A) array_out_of_bounds: [0, 255] not included in array index range [0, 15]
1,691;Alarm (A);Out-of-bound array access;ALL_bc_with_context.c:305503.25-35;false;ALG TOOL: A1968 DELTA:;ALARM (A) array_out_of_bounds: [0, 255] not included in array index range [0, 5]
1,693;Alarm (A);Out-of-bound array access;ALL_bc_with_context.c:305503.40-53;false;ALG TOOL: A1968 DELTA:;ALARM (A) array_out_of_bounds: [0, 255] not included in array index range [0, 15]
1,697;Alarm (A);Out-of-bound array access;ALL_bc_with_context.c:305672.33-48;false;ALG TOOL: A1968 DELTA:;ALARM (A) array_out_of_bounds: [0, 255] not included in array index range [0, 5]
1,759;Alarm (A);Out-of-bound array access;ALL_bc_with_context.c:289102.20-35;false;ALG TOOL: A1968 DELTA:;ALARM (A) array_out_of_bounds: [0, 255] not included in array index range [0, 7]
1,761;Alarm (A);Out-of-bound array access;ALL_bc_with_context.c:289102.40-56;false;ALG TOOL: A1968 DELTA:;ALARM (A) array_out_of_bounds: [0, 255] not included in array index range [0, 15]
1,765;Alarm (A);Out-of-bound array access;ALL_bc_with_context.c:289604.9-24;false;ALG TOOL: A1968 DELTA:;ALARM (A) array_out_of_bounds: [0, 255] not included in array index range [0, 7]
1,767;Alarm (A);Out-of-bound array access;ALL_bc_with_context.c:289604.29-45;false;ALG TOOL: A1968 DELTA:;ALARM (A) array_out_of_bounds: [0, 255] not included in array index range [0, 15]
1,776;Alarm (A);Out-of-bound array access;ALL_bc_with_context.c:289420.71-87;false;ALG TOOL: A1968 DELTA:;ALARM (A) array_out_of_bounds: [0, 255] not included in array index range [0, 63]
1,779;Alarm (A);Out-of-bound array access;ALL_bc_with_context.c:289431.71-87;false;ALG TOOL: A1968 DELTA:;ALARM (A) array_out_of_bounds: [0, 255] not included in array index range [0, 63]
1,780;Alarm (A);Out-of-bound array access;ALL_bc_with_context.c:289299.53-62;false;ALG TOOL: A1968 DELTA:;ALARM (A) array_out_of_bounds: [0, 22] not included in array index range [0, 21]
1,784;Alarm (A);Out-of-bound array access;ALL_bc_with_context.c:289182.9-24;false;ALG TOOL: A1968 DELTA:;ALARM (A) array_out_of_bounds: [0, 255] not included in array index range [0, 7]
1,786;Alarm (A);Out-of-bound array access;ALL_bc_with_context.c:289182.29-45;false;ALG TOOL: A1968 DELTA:;ALARM (A) array_out_of_bounds: [0, 255] not included in array index range [0, 15]
1,857;Alarm (A);Out-of-bound array access;ALL_bc_with_context.c:189536.37-46;false;ALG TOOL: A1968 DELTA:;ALARM (A) array_out_of_bounds: [0, 2147483706] not included in array index range [0, 59]
1,858;Alarm (A);Out-of-bound array access;ALL_bc_with_context.c:189599.35-46;false;ALG TOOL: A1968 DELTA:;ALARM (A) array_out_of_bounds: [0, 65535] not included in array index range [0, 59]
1,912;Alarm (A);Out-of-bound array access;ALL_bc_with_context.c:192887.37-47;false;ALG TOOL: A1968 DELTA:;ALARM (A) array_out_of_bounds: [0, 65535] not included in array index range [0, 50]
1,921;Alarm (A);Out-of-bound array access;ALL_bc_with_context.c:193737.60-70;false;ALG TOOL: A1968 DELTA: DB true/undecided;ALARM (A) array_out_of_bounds: [0, 3] not included in array index range [0, 2]
1,925;Alarm (A);Out-of-bound array access;ALL_bc_with_context.c:196505.51-59;false;ALG TOOL: A1968 DELTA:;ALARM (A) array_out_of_bounds: [-4294967296, 4294967295] not included in array index range [0, 16]
1,926;Alarm (A);Out-of-bound array access;ALL_bc_with_context.c:196958.54-62;false;ALG TOOL: A1968 DELTA:;ALARM (A) array_out_of_bounds: [-4294967296, 4294967295] not included in array index range [0, 16]
1,927;Alarm (A);Out-of-bound array access;ALL_bc_with_context.c:196615.61-69;false;ALG TOOL: A1968 DELTA:;ALARM (A) array_out_of_bounds: [-4294967296, 4294967295] not included in array index range [0, 16]
1,928;Alarm (A);Out-of-bound array access;ALL_bc_with_context.c:197223.58-66;false;ALG TOOL: A1968 DELTA:;ALARM (A) array_out_of_bounds: [-4294967296, 4294967295] not included in array index range [0, 16]
1,929;Alarm (A);Out-of-bound array access;ALL_bc_with_context.c:31095.60-70;false;ALG TOOL: A1968 DELTA:;ALARM (A) array_out_of_bounds: [0, 65535] not included in array index range [0, 50]
1,930;Alarm (A);Out-of-bound array access;ALL_bc_with_context.c:197066.33-43;false;ALG TOOL: A1968 DELTA:;ALARM (A) array_out_of_bounds: [0, 65535] not included in array index range [0, 50]
1,931;Alarm (A);Out-of-bound array access;ALL_bc_with_context.c:196538.32-42;false;ALG TOOL: A1968 DELTA:;ALARM (A) array_out_of_bounds: [0, 65535] not included in array index range [0, 50]
1,932;Alarm (A);Out-of-bound array access;ALL_bc_with_context.c:30553.29-39;false;ALG TOOL: A1968 DELTA:;ALARM (A) array_out_of_bounds: [0, 65535] not included in array index range [0, 50]
1,933;Alarm (A);Out-of-bound array access;ALL_bc_with_context.c:197742.37-47;false;ALG TOOL: A1968 DELTA:;ALARM (A) array_out_of_bounds: [0, 65535] not included in array index range [0, 50]
1,936;Alarm (A);Out-of-bound array access;ALL_bc_with_context.c:197737.28-38;false;ALG TOOL: A1968 DELTA:;ALARM (A) array_out_of_bounds: [0, 65535] not included in array index range [0, 50]
1,943;Alarm (A);Out-of-bound array access;ALL_bc_with_context.c:194539.35-46;false;ALG TOOL: A1968 DELTA:;ALARM (A) array_out_of_bounds: [0, 314] not included in array index range [0, 59]
1,944;Alarm (A);Out-of-bound array access;ALL_bc_with_context.c:194203.37-48;false;ALG TOOL: A1968 DELTA:;ALARM (A) array_out_of_bounds: [0, 314] not included in array index range [0, 59]
1,945;Alarm (A);Out-of-bound array access;ALL_bc_with_context.c:191910.56-67;false;ALG TOOL: A1968 DELTA:;ALARM (A) array_out_of_bounds: [0, 314] not included in array index range [0, 59]
1,947;Alarm (A);Out-of-bound array access;ALL_bc_with_context.c:189192.37-48;false;ALG TOOL: A1968 DELTA:;ALARM (A) array_out_of_bounds: [0, 314] not included in array index range [0, 59]
1,962;Alarm (A);Out-of-bound array access;ALL_bc_with_context.c:195655.33-43;false;ALG TOOL: A1968 DELTA:;ALARM (A) array_out_of_bounds: [0, 65535] not included in array index range [0, 50]
1,976;Alarm (A);Out-of-bound array access;ALL_bc_with_context.c:191087.40-51;false;ALG TOOL: A1968 DELTA:;ALARM (A) array_out_of_bounds: [0, 314] not included in array index range [0, 59]
1,977;Alarm (A);Out-of-bound array access;ALL_bc_with_context.c:191111.40-51;false;ALG TOOL: A1968 DELTA:;ALARM (A) array_out_of_bounds: [0, 314] not included in array index range [0, 59]
1,978;Alarm (A);Out-of-bound array access;ALL_bc_with_context.c:191099.40-51;false;ALG TOOL: A1968 DELTA:;ALARM (A) array_out_of_bounds: [0, 314] not included in array index range [0, 59]
2,006;Alarm (A);Out-of-bound array access;ALL_bc_with_context.c:191954.106-134;false;ALG TOOL: A1968 DELTA:;ALARM (A) array_out_of_bounds: [0, 314] not included in array index range [0, 59]
2,007;Alarm (A);Out-of-bound array access;ALL_bc_with_context.c:191983.104-132;false;ALG TOOL: A1968 DELTA:;ALARM (A) array_out_of_bounds: [0, 314] not included in array index range [0, 59]
2,008;Alarm (A);Out-of-bound array access;ALL_bc_with_context.c:191995.50-78;false;ALG TOOL: A1968 DELTA:;ALARM (A) array_out_of_bounds: [0, 314] not included in array index range [0, 59]
2,018;Alarm (A);Out-of-bound array access;ALL_bc_with_context.c:188541.53-63;false;ALG TOOL: A1968 DELTA:;ALARM (A) array_out_of_bounds: [0, 2147483946] not included in array index range [0, 299]
2,133;Alarm (A);Out-of-bound array access;ALL_bc_with_context.c:188130.16-79;false;ALG TOOL: A1968 DELTA:;ALARM (A) array_out_of_bounds: [0, 255] not included in array index range [0, 0]
2,137;Alarm (A);Out-of-bound array access;ALL_bc_with_context.c:186706.50-55;false;ALG TOOL: A1968 DELTA:;ALARM (A) array_out_of_bounds: [0, 1] not included in array index range [0, 0]
2,370;Alarm (A);Out-of-bound array access;ALL_bc_with_context.c:82565.72-89;false;e;ALARM (A) array_out_of_bounds: [0, 50] not included in array index range [0, 49]
2,384;Alarm (A);Out-of-bound array access;ALL_bc_with_context.c:103455.57-68;false;ALG TOOL: A1968 DELTA:;ALARM (A) array_out_of_bounds: [0, 21] not included in array index range [0, 20]
2,386;Alarm (A);Out-of-bound array access;ALL_bc_with_context.c:103570.53-64;false;ALG TOOL: A1968 DELTA:;ALARM (A) array_out_of_bounds: [0, 21] not included in array index range [0, 20]
2,428;Alarm (A);Out-of-bound array access;ALL_bc_with_context.c:98827.32-35;false;ALG TOOL: A1968 DELTA:;ALARM (A) array_out_of_bounds: [0, 254] not included in array index range [0, 19]
2,434;Alarm (A);Out-of-bound array access;ALL_bc_with_context.c:96375.69-97;false;ALG TOOL: A1968 DELTA:;ALARM (A) array_out_of_bounds: [0, 255] not included in array index range [0, 7]
2,452;Alarm (A);Out-of-bound array access;ALL_bc_with_context.c:83022.27-61;false;ALG TOOL: A1968 DELTA:;ALARM (A) array_out_of_bounds: [-552, 3543] not included in array index range [0, 27]
2,453;Alarm (A);Out-of-bound array access;ALL_bc_with_context.c:83031.29-63;false;ALG TOOL: A1968 DELTA:;ALARM (A) array_out_of_bounds: [-552, 3543] not included in array index range [0, 27]
2,454;Alarm (A);Out-of-bound array access;ALL_bc_with_context.c:17627.25-43;false;ALG TOOL: A1968 DELTA:;ALARM (A) array_out_of_bounds: [0, 255] not included in array index range [0, 42]
2,457;Alarm (A);Out-of-bound array access;ALL_bc_with_context.c:17581.24-32;false;ALG TOOL: A1968 DELTA:;ALARM (A) array_out_of_bounds: [0, 4095] not included in array index range [0, 495]
2,458;Alarm (A);Out-of-bound array access;ALL_bc_with_context.c:17572.26-61;false;ALG TOOL: A1968 DELTA:;ALARM (A) array_out_of_bounds: [-495, 3600] not included in array index range [0, 38]
2,463;Alarm (A);Out-of-bound array access;ALL_bc_with_context.c:83058.18-26;false;ALG TOOL: A1968 DELTA:;ALARM (A) array_out_of_bounds: [0, 4095] not included in array index range [0, 682]
2,464;Alarm (A);Out-of-bound array access;ALL_bc_with_context.c:1737.24-32;false;ALG TOOL: A1968 DELTA:;ALARM (A) array_out_of_bounds: [0, 4095] not included in array index range [0, 495]
2,466;Alarm (A);Out-of-bound array access;ALL_bc_with_context.c:1726.26-61;false;ALG TOOL: A1968 DELTA:;ALARM (A) array_out_of_bounds: [-495, 3600] not included in array index range [0, 38]
2,468;Alarm (A);Out-of-bound array access;ALL_bc_with_context.c:83515.18-26;false;ALG TOOL: A1968 DELTA:;ALARM (A) array_out_of_bounds: [0, 4095] not included in array index range [0, 682]
2,469;Alarm (A);Out-of-bound array access;ALL_bc_with_context.c:83506.27-61;false;ALG TOOL: A1968 DELTA:;ALARM (A) array_out_of_bounds: [-552, 3543] not included in array index range [0, 27]
2,472;Alarm (A);Out-of-bound array access;ALL_bc_with_context.c:82464.45-59;false;e;ALARM (A) array_out_of_bounds: [0, 255] not included in array index range [0, 26]
2,474;Alarm (A);Out-of-bound array access;ALL_bc_with_context.c:82153.39-53;false;e;ALARM (A) array_out_of_bounds: [0, 255] not included in array index range [0, 0]
2,475;Alarm (A);Out-of-bound array access;ALL_bc_with_context.c:82154.91-106;true;h;ALARM (A) array_out_of_bounds: [0, 255] not included in array index range [0, 1]
2,477;Alarm (A);Out-of-bound array access;ALL_bc_with_context.c:82114.36-50;false;e;ALARM (A) array_out_of_bounds: [0, 255] not included in array index range [0, 3]
2,479;Alarm (A);Out-of-bound array access;ALL_bc_with_context.c:82079.32-46;false;e;ALARM (A) array_out_of_bounds: [0, 255] not included in array index range [0, 1]
2,481;Alarm (A);Out-of-bound array access;ALL_bc_with_context.c:82045.43-57;false;e;ALARM (A) array_out_of_bounds: [0, 255] not included in array index range [0, 0]
2,483;Alarm (A);Out-of-bound array access;ALL_bc_with_context.c:82012.41-55;false;e;ALARM (A) array_out_of_bounds: [0, 255] not included in array index range [0, 3]
2,484;Alarm (A);Out-of-bound array access;ALL_bc_with_context.c:82014.103-118;false;e;ALARM (A) array_out_of_bounds: [0, 255] not included in array index range [0, 4]
2,491;Alarm (A);Out-of-bound array access;ALL_bc_with_context.c:81872.44-55;false;e;ALARM (A) array_out_of_bounds: [0, 65535] not included in array index range [0, 49]
2,496;Alarm (A);Out-of-bound array access;ALL_bc_with_context.c:81880.39-50;false;e;ALARM (A) array_out_of_bounds: [0, 65535] not included in array index range [0, 49]
2,497;Alarm (A);Out-of-bound array access;ALL_bc_with_context.c:81900.39-50;false;e;ALARM (A) array_out_of_bounds: [0, 65535] not included in array index range [0, 49]
2,502;Alarm (A);Out-of-bound array access;ALL_bc_with_context.c:76514.24-43;false;e;ALARM (A) array_out_of_bounds: [0, 255] not included in array index range [0, 2]
2,563;Alarm (A);Out-of-bound array access;ALL_bc_with_context.c:80795.67-68;false;ALG TOOL: A1968 DELTA:;ALARM (A) array_out_of_bounds: [0, 12] not included in array index range [0, 11]
2,566;Alarm (A);Out-of-bound array access;ALL_bc_with_context.c:21067.27-39;false;ALG TOOL: A1968 DELTA:;ALARM (A) array_out_of_bounds: [0, 46] not included in array index range [0, 45]
2,568;Alarm (A);Out-of-bound array access;ALL_bc_with_context.c:23690.42-107;false;ALG TOOL: A1968 DELTA:;ALARM (A) array_out_of_bounds: [0, 54] not included in array index range [0, 51]
2,597;Alarm (A);Out-of-bound array access;ALL_bc_with_context.c:78735.29-42;false;ALG TOOL: A1968 DELTA:;ALARM (A) array_out_of_bounds: [0, 186] not included in array index range [0, 185]
2,626;Alarm (A);Out-of-bound array access;ALL_bc_with_context.c:43510.45-56;false;h;ALARM (A) array_out_of_bounds: [0, 220] not included in array index range [0, 114]
2,628;Alarm (A);Out-of-bound array access;ALL_bc_with_context.c:43511.45-56;false;h;ALARM (A) array_out_of_bounds: [0, 220] not included in array index range [0, 114]
2,650;Alarm (A);Out-of-bound array access;ALL_bc_with_context.c:74674.38-49;false;ALG TOOL: A1968 DELTA:;ALARM (A) array_out_of_bounds: [0, 255] not included in array index range [0, 36]
2,651;Alarm (A);Out-of-bound array access;ALL_bc_with_context.c:74685.34-45;false;ALG TOOL: A1968 DELTA:;ALARM (A) array_out_of_bounds: [0, 255] not included in array index range [0, 8]
2,718;Alarm (A);Out-of-bound array access;ALL_bc_with_context.c:22427.52-61;false;ALG TOOL: A1968 DELTA:;ALARM (A) array_out_of_bounds: [0, 46] not included in array index range [0, 45]
2,720;Alarm (A);Out-of-bound array access;ALL_bc_with_context.c:22428.50-22429.71;false;ALG TOOL: A1968 DELTA: DB true/undecided;ALARM (A) array_out_of_bounds: [0, 306] not included in array index range [0, 51]
2,726;Alarm (A);Out-of-bound array access;ALL_bc_with_context.c:22465.48-111;false;ALG TOOL: A1968 DELTA:;ALARM (A) array_out_of_bounds: [0, 308] not included in array index range [0, 53]
2,736;Alarm (A);Out-of-bound array access;ALL_bc_with_context.c:22630.48-57;false;ALG TOOL: A1968 DELTA:;ALARM (A) array_out_of_bounds: [0, 46] not included in array index range [0, 45]
2,739;Alarm (A);Out-of-bound array access;ALL_bc_with_context.c:22161.47-60;false;ALG TOOL: A1968 DELTA:;ALARM (A) array_out_of_bounds: [0, 46] not included in array index range [0, 45]
2,741;Alarm (A);Out-of-bound array access;ALL_bc_with_context.c:22681.61-22682.80;false;ALG TOOL: A1968 DELTA: DB true/undecided;ALARM (A) array_out_of_bounds: [1, 54] not included in array index range [0, 51]
2,748;Alarm (A);Out-of-bound array access;ALL_bc_with_context.c:17956.41-54;false;ALG TOOL: A1968 DELTA:;ALARM (A) array_out_of_bounds: [0, 15] not included in array index range [0, 8]
2,749;Alarm (A);Out-of-bound array access;ALL_bc_with_context.c:17077.26-61;false;ALG TOOL: A1968 DELTA:;ALARM (A) array_out_of_bounds: [-495, 3600] not included in array index range [0, 38]
2,750;Alarm (A);Out-of-bound array access;ALL_bc_with_context.c:17202.56-64;false;ALG TOOL: A1968 DELTA:;ALARM (A) array_out_of_bounds: [0, 4095] not included in array index range [0, 532]
2,753;Alarm (A);Out-of-bound array access;ALL_bc_with_context.c:17255.56-64;false;ALG TOOL: A1968 DELTA:;ALARM (A) array_out_of_bounds: [0, 4095] not included in array index range [0, 532]
2,759;Alarm (A);Out-of-bound array access;ALL_bc_with_context.c:17354.94-102;false;ALG TOOL: A1968 DELTA:;ALARM (A) array_out_of_bounds: [0, 4095] not included in array index range [0, 532]
2,761;Alarm (A);Out-of-bound array access;ALL_bc_with_context.c:17376.83-91;false;ALG TOOL: A1968 DELTA:;ALARM (A) array_out_of_bounds: [0, 4095] not included in array index range [0, 532]
2,767;Alarm (A);Out-of-bound array access;ALL_bc_with_context.c:17421.99-107;false;ALG TOOL: A1968 DELTA:;ALARM (A) array_out_of_bounds: [0, 4095] not included in array index range [0, 532]
2,772;Alarm (A);Out-of-bound array access;ALL_bc_with_context.c:17468.67-75;false;ALG TOOL: A1968 DELTA:;ALARM (A) array_out_of_bounds: [0, 4095] not included in array index range [0, 532]
2,774;Alarm (A);Out-of-bound array access;ALL_bc_with_context.c:16605.24-32;false;ALG TOOL: A1968 DELTA:;ALARM (A) array_out_of_bounds: [0, 4095] not included in array index range [0, 495]
2,775;Alarm (A);Out-of-bound array access;ALL_bc_with_context.c:16731.56-64;false;ALG TOOL: A1968 DELTA:;ALARM (A) array_out_of_bounds: [0, 4095] not included in array index range [0, 532]
2,778;Alarm (A);Out-of-bound array access;ALL_bc_with_context.c:16782.56-64;false;ALG TOOL: A1968 DELTA:;ALARM (A) array_out_of_bounds: [0, 4095] not included in array index range [0, 532]
2,784;Alarm (A);Out-of-bound array access;ALL_bc_with_context.c:16881.82-90;false;ALG TOOL: A1968 DELTA:;ALARM (A) array_out_of_bounds: [0, 4095] not included in array index range [0, 532]
2,786;Alarm (A);Out-of-bound array access;ALL_bc_with_context.c:16901.83-91;false;ALG TOOL: A1968 DELTA:;ALARM (A) array_out_of_bounds: [0, 4095] not included in array index range [0, 532]
2,793;Alarm (A);Out-of-bound array access;ALL_bc_with_context.c:16945.85-93;false;ALG TOOL: A1968 DELTA:;ALARM (A) array_out_of_bounds: [0, 4095] not included in array index range [0, 532]
2,799;Alarm (A);Out-of-bound array access;ALL_bc_with_context.c:16991.67-75;false;ALG TOOL: A1968 DELTA:;ALARM (A) array_out_of_bounds: [0, 4095] not included in array index range [0, 532]
2,801;Alarm (A);Out-of-bound array access;ALL_bc_with_context.c:16219.26-61;false;ALG TOOL: A1968 DELTA:;ALARM (A) array_out_of_bounds: [-495, 3600] not included in array index range [0, 38]
2,802;Alarm (A);Out-of-bound array access;ALL_bc_with_context.c:16346.56-64;false;ALG TOOL: A1968 DELTA:;ALARM (A) array_out_of_bounds: [0, 4095] not included in array index range [0, 532]
2,805;Alarm (A);Out-of-bound array access;ALL_bc_with_context.c:16398.56-64;false;ALG TOOL: A1968 DELTA:;ALARM (A) array_out_of_bounds: [0, 4095] not included in array index range [0, 532]
2,807;Alarm (A);Out-of-bound array access;ALL_bc_with_context.c:16484.94-102;false;ALG TOOL: A1968 DELTA:;ALARM (A) array_out_of_bounds: [0, 4095] not included in array index range [0, 532]
2,809;Alarm (A);Out-of-bound array access;ALL_bc_with_context.c:16518.67-75;false;ALG TOOL: A1968 DELTA:;ALARM (A) array_out_of_bounds: [0, 4095] not included in array index range [0, 532]
2,811;Alarm (A);Out-of-bound array access;ALL_bc_with_context.c:15836.24-32;false;ALG TOOL: A1968 DELTA:;ALARM (A) array_out_of_bounds: [0, 4095] not included in array index range [0, 495]
2,812;Alarm (A);Out-of-bound array access;ALL_bc_with_context.c:15962.56-64;false;ALG TOOL: A1968 DELTA:;ALARM (A) array_out_of_bounds: [0, 4095] not included in array index range [0, 532]
2,815;Alarm (A);Out-of-bound array access;ALL_bc_with_context.c:16012.56-64;false;ALG TOOL: A1968 DELTA:;ALARM (A) array_out_of_bounds: [0, 4095] not included in array index range [0, 532]
2,817;Alarm (A);Out-of-bound array access;ALL_bc_with_context.c:16098.82-90;false;ALG TOOL: A1968 DELTA:;ALARM (A) array_out_of_bounds: [0, 4095] not included in array index range [0, 532]
2,819;Alarm (A);Out-of-bound array access;ALL_bc_with_context.c:16131.67-75;false;ALG TOOL: A1968 DELTA:;ALARM (A) array_out_of_bounds: [0, 4095] not included in array index range [0, 532]
2,821;Alarm (A);Out-of-bound array access;ALL_bc_with_context.c:1908.26-61;false;ALG TOOL: A1968 DELTA:;ALARM (A) array_out_of_bounds: [-495, 3600] not included in array index range [0, 38]
2,822;Alarm (A);Out-of-bound array access;ALL_bc_with_context.c:15401.74-82;false;ALG TOOL: A1968 DELTA:;ALARM (A) array_out_of_bounds: [0, 4095] not included in array index range [0, 532]
2,825;Alarm (A);Out-of-bound array access;ALL_bc_with_context.c:15407.56-64;false;ALG TOOL: A1968 DELTA:;ALARM (A) array_out_of_bounds: [0, 4095] not included in array index range [0, 532]
2,828;Alarm (A);Out-of-bound array access;ALL_bc_with_context.c:15458.56-64;false;ALG TOOL: A1968 DELTA:;ALARM (A) array_out_of_bounds: [0, 4095] not included in array index range [0, 532]
2,832;Alarm (A);Out-of-bound array access;ALL_bc_with_context.c:15534.71-79;false;ALG TOOL: A1968 DELTA:;ALARM (A) array_out_of_bounds: [0, 4095] not included in array index range [0, 532]
2,834;Alarm (A);Out-of-bound array access;ALL_bc_with_context.c:15555.75-83;false;ALG TOOL: A1968 DELTA:;ALARM (A) array_out_of_bounds: [0, 4095] not included in array index range [0, 532]
2,842;Alarm (A);Out-of-bound array access;ALL_bc_with_context.c:15599.75-83;false;ALG TOOL: A1968 DELTA:;ALARM (A) array_out_of_bounds: [0, 4095] not included in array index range [0, 532]
2,847;Alarm (A);Out-of-bound array access;ALL_bc_with_context.c:15645.67-75;false;ALG TOOL: A1968 DELTA:;ALARM (A) array_out_of_bounds: [0, 4095] not included in array index range [0, 532]
2,849;Alarm (A);Out-of-bound array access;ALL_bc_with_context.c:17608.18-26;false;ALG TOOL: A1968 DELTA:;ALARM (A) array_out_of_bounds: [0, 4095] not included in array index range [0, 682]
2,850;Alarm (A);Out-of-bound array access;ALL_bc_with_context.c:17617.25-43;false;ALG TOOL: A1968 DELTA:;ALARM (A) array_out_of_bounds: [0, 255] not included in array index range [0, 42]
2,853;Alarm (A);Out-of-bound array access;ALL_bc_with_context.c:3776.18-26;false;ALG TOOL: A1968 DELTA:;ALARM (A) array_out_of_bounds: [0, 4095] not included in array index range [0, 682]
2,854;Alarm (A);Out-of-bound array access;ALL_bc_with_context.c:3797.25-43;false;ALG TOOL: A1968 DELTA:;ALARM (A) array_out_of_bounds: [0, 255] not included in array index range [0, 42]
2,858;Alarm (A);Out-of-bound array access;ALL_bc_with_context.c:8448.95-131;false;e;ALARM (A) array_out_of_bounds: [0, 255] not included in array index range [0, 21]
2,860;Alarm (A);Out-of-bound array access;ALL_bc_with_context.c:3671.24-32;false;ALG TOOL: A1968 DELTA:;ALARM (A) array_out_of_bounds: [0, 4095] not included in array index range [0, 495]
2,862;Alarm (A);Out-of-bound array access;ALL_bc_with_context.c:3680.17-25;false;ALG TOOL: A1968 DELTA:;ALARM (A) array_out_of_bounds: [0, 4095] not included in array index range [0, 495]
2,863;Alarm (A);Out-of-bound array access;ALL_bc_with_context.c:3785.11-19;false;ALG TOOL: A1968 DELTA:;ALARM (A) array_out_of_bounds: [0, 4095] not included in array index range [0, 682]
2,865;Alarm (A);Out-of-bound array access;ALL_bc_with_context.c:8721.49-59;false;ALG TOOL: A1968 DELTA:;ALARM (A) array_out_of_bounds: [0, 254] not included in array index range [0, 19]
2,870;Alarm (A);Out-of-bound array access;ALL_bc_with_context.c:8684.42-55;false;ALG TOOL: A1968 DELTA:;ALARM (A) array_out_of_bounds: [0, 254] not included in array index range [0, 19]
2,871;Alarm (A);Out-of-bound array access;ALL_bc_with_context.c:8623.16-34;false;ALG TOOL: A1968 DELTA:;ALARM (A) array_out_of_bounds: [0, 255] not included in array index range [0, 42]
2,872;Alarm (A);Out-of-bound array access;ALL_bc_with_context.c:8633.16-34;false;ALG TOOL: A1968 DELTA:;ALARM (A) array_out_of_bounds: [0, 255] not included in array index range [0, 42]
2,875;Alarm (A);Out-of-bound array access;ALL_bc_with_context.c:3653.26-61;false;ALG TOOL: A1968 DELTA:;ALARM (A) array_out_of_bounds: [-495, 3600] not included in array index range [0, 38]
2,876;Alarm (A);Out-of-bound array access;ALL_bc_with_context.c:3662.19-54;false;ALG TOOL: A1968 DELTA:;ALARM (A) array_out_of_bounds: [-495, 3600] not included in array index range [0, 38]
2,877;Alarm (A);Out-of-bound array access;ALL_bc_with_context.c:3635.27-61;false;ALG TOOL: A1968 DELTA:;ALARM (A) array_out_of_bounds: [-552, 3543] not included in array index range [0, 27]
2,878;Alarm (A);Out-of-bound array access;ALL_bc_with_context.c:3691.29-63;false;ALG TOOL: A1968 DELTA:;ALARM (A) array_out_of_bounds: [-552, 3543] not included in array index range [0, 27]
2,879;Alarm (A);Out-of-bound array access;ALL_bc_with_context.c:3644.20-54;false;ALG TOOL: A1968 DELTA:;ALARM (A) array_out_of_bounds: [-552, 3543] not included in array index range [0, 27]
2,880;Alarm (A);Out-of-bound array access;ALL_bc_with_context.c:3700.22-56;false;ALG TOOL: A1968 DELTA:;ALARM (A) array_out_of_bounds: [-552, 3543] not included in array index range [0, 27]
2,881;Alarm (A);Out-of-bound array access;ALL_bc_with_context.c:14319.33-41;false;ALG TOOL: A1968 DELTA:;ALARM (A) array_out_of_bounds: [1, 4095] not included in array index range [0, 719]
2,882;Alarm (A);Out-of-bound array access;ALL_bc_with_context.c:14320.34-47;false;ALG TOOL: A1968 DELTA:;ALARM (A) array_out_of_bounds: [2, 720] not included in array index range [0, 719]
3,064;Alarm (A);Out-of-bound array access;ALL_bc_with_context.c:326202.27-61;false;ALG TOOL: A1968 DELTA:;ALARM (A) array_out_of_bounds: [0, 255] not included in array index range [0, 16]
3,105;Alarm (A);Out-of-bound array access;ALL_bc_with_context.c:434533.60-70;false;e;ALARM (A) array_out_of_bounds: [0, 5] not included in array index range [0, 4]
3,106;Alarm (A);Out-of-bound array access;ALL_bc_with_context.c:434558.58-74;false;e;ALARM (A) array_out_of_bounds: [0, 5] not included in array index range [0, 4]
3,107;Alarm (A);Out-of-bound array access;ALL_bc_with_context.c:434580.59-75;false;e;ALARM (A) array_out_of_bounds: [0, 5] not included in array index range [0, 4]
3,113;Alarm (A);Out-of-bound array access;ALL_bc_with_context.c:435284.63-121;undecided;h;ALARM (A) array_out_of_bounds: [0, 255] not included in array index range [0, 4]
3,133;Alarm (A);Out-of-bound array access;ALL_bc_with_context.c:435974.49-85;false;ALG TOOL: A1968 DELTA:;ALARM (A) array_out_of_bounds: [0, 5] not included in array index range [0, 4]
3,134;Alarm (A);Out-of-bound array access;ALL_bc_with_context.c:433171.47-83;false;ALG TOOL: A1968 DELTA:;ALARM (A) array_out_of_bounds: [0, 5] not included in array index range [0, 4]
3,135;Alarm (A);Out-of-bound array access;ALL_bc_with_context.c:433471.44-50;false;ALG TOOL: A1968 DELTA:;ALARM (A) array_out_of_bounds: [0, 5] not included in array index range [0, 4]
3,136;Alarm (A);Out-of-bound array access;ALL_bc_with_context.c:433471.88-124;false;ALG TOOL: A1968 DELTA:;ALARM (A) array_out_of_bounds: [1, 5] not included in array index range [0, 4]
3,213;Alarm (A);Out-of-bound array access;ALL_bc_with_context.c:461160.93-100;false;e;ALARM (A) array_out_of_bounds: [0, 2] not included in array index range [0, 1]
3,225;Alarm (A);Out-of-bound array access;ALL_bc_with_context.c:461110.76-83;false;e;ALARM (A) array_out_of_bounds: [0, 6] not included in array index range [0, 5]
3,487;Alarm (A);Out-of-bound array access;ALL_bc_with_context.c:459413.111-118;false;e;ALARM (A) array_out_of_bounds: [0, 2] not included in array index range [0, 1]
3,647;Alarm (A);Out-of-bound array access;ALL_bc_with_context.c:405584.33-38;false;e;ALARM (A) array_out_of_bounds: [0, 255] not included in array index range [0, 1]
3,648;Alarm (A);Out-of-bound array access;ALL_bc_with_context.c:467867.23-28;false;e;ALARM (A) array_out_of_bounds: [0, 255] not included in array index range [0, 1]
3,649;Alarm (A);Out-of-bound array access;ALL_bc_with_context.c:467862.23-28;false;e;ALARM (A) array_out_of_bounds: [0, 255] not included in array index range [0, 1]
3,657;Alarm (A);Out-of-bound array access;ALL_bc_with_context.c:385597.75-80;false;ALG TOOL: A1968 DELTA: DB true/undecided;ALARM (A) array_out_of_bounds: [0, 254] not included in array index range [0, 0]
3,658;Alarm (A);Out-of-bound array access;ALL_bc_with_context.c:403133.66-71;false;e;ALARM (A) array_out_of_bounds: [0, 254] not included in array index range [0, 0]
3,659;Alarm (A);Out-of-bound array access;ALL_bc_with_context.c:403561.22-27;false;ALG TOOL: A1968 DELTA:;ALARM (A) array_out_of_bounds: [0, 254] not included in array index range [0, 0]
3,660;Alarm (A);Out-of-bound array access;ALL_bc_with_context.c:385686.22-27;false;ALG TOOL: A1968 DELTA: DB true/undecided;ALARM (A) array_out_of_bounds: [0, 254] not included in array index range [0, 0]
3,661;Alarm (A);Out-of-bound array access;ALL_bc_with_context.c:396862.75-80;false;ALG TOOL: A1968 DELTA:;ALARM (A) array_out_of_bounds: [0, 254] not included in array index range [0, 0]
3,662;Alarm (A);Out-of-bound array access;ALL_bc_with_context.c:403551.22-27;false;ALG TOOL: A1968 DELTA:;ALARM (A) array_out_of_bounds: [0, 254] not included in array index range [0, 0]
3,663;Alarm (A);Out-of-bound array access;ALL_bc_with_context.c:396867.22-27;false;ALG TOOL: A1968 DELTA:;ALARM (A) array_out_of_bounds: [0, 254] not included in array index range [0, 0]
3,664;Alarm (A);Out-of-bound array access;ALL_bc_with_context.c:463981.75-80;false;e;ALARM (A) array_out_of_bounds: [1, 255] not included in array index range [0, 1]
3,665;Alarm (A);Out-of-bound array access;ALL_bc_with_context.c:397686.33-38;false;ALG TOOL: A1968 DELTA:;ALARM (A) array_out_of_bounds: [1, 255] not included in array index range [0, 1]
3,666;Alarm (A);Out-of-bound array access;ALL_bc_with_context.c:406656.22-27;false;e;ALARM (A) array_out_of_bounds: [0, 254] not included in array index range [0, 0]
3,667;Alarm (A);Out-of-bound array access;ALL_bc_with_context.c:396887.64-69;false;e;ALARM (A) array_out_of_bounds: [0, 254] not included in array index range [0, 0]
3,668;Alarm (A);Out-of-bound array access;ALL_bc_with_context.c:396916.22-27;false;ALG TOOL: A1968 DELTA:;ALARM (A) array_out_of_bounds: [0, 254] not included in array index range [0, 0]
3,669;Alarm (A);Out-of-bound array access;ALL_bc_with_context.c:396882.63-68;false;e;ALARM (A) array_out_of_bounds: [0, 254] not included in array index range [0, 0]
3,670;Alarm (A);Out-of-bound array access;ALL_bc_with_context.c:396921.22-27;false;e;ALARM (A) array_out_of_bounds: [0, 254] not included in array index range [0, 0]
3,671;Alarm (A);Out-of-bound array access;ALL_bc_with_context.c:396906.75-80;false;e;ALARM (A) array_out_of_bounds: [0, 254] not included in array index range [0, 0]
3,672;Alarm (A);Out-of-bound array access;ALL_bc_with_context.c:396911.27-32;false;ALG TOOL: A1968 DELTA:;ALARM (A) array_out_of_bounds: [0, 254] not included in array index range [0, 0]
3,673;Alarm (A);Out-of-bound array access;ALL_bc_with_context.c:469035.22-27;false;e;ALARM (A) array_out_of_bounds: [0, 254] not included in array index range [0, 0]
3,674;Alarm (A);Out-of-bound array access;ALL_bc_with_context.c:403198.22-27;false;ALG TOOL: A1968 DELTA:;ALARM (A) array_out_of_bounds: [0, 254] not included in array index range [0, 0]
3,675;Alarm (A);Out-of-bound array access;ALL_bc_with_context.c:403193.22-27;false;ALG TOOL: A1968 DELTA:;ALARM (A) array_out_of_bounds: [0, 254] not included in array index range [0, 0]
3,676;Alarm (A);Out-of-bound array access;ALL_bc_with_context.c:403349.22-27;false;ALG TOOL: A1968 DELTA:;ALARM (A) array_out_of_bounds: [0, 254] not included in array index range [0, 0]
3,677;Alarm (A);Out-of-bound array access;ALL_bc_with_context.c:405594.23-28;false;e;ALARM (A) array_out_of_bounds: [1, 255] not included in array index range [0, 1]
3,679;Alarm (A);Out-of-bound array access;ALL_bc_with_context.c:382730.50-155;false;e;ALARM (A) array_out_of_bounds: [0, 12] not included in array index range [0, 11]
3,680;Alarm (A);Out-of-bound array access;ALL_bc_with_context.c:382734.48-112;false;e;ALARM (A) array_out_of_bounds: [0, 65535] not included in array index range [0, 11]
3,770;Alarm (A);Out-of-bound array access;ALL_bc_with_context.c:580120.37-62;false;ALG TOOL: A1968 DELTA:;ALARM (A) array_out_of_bounds: [0, 255] not included in array index range [0, 8]
3,803;Alarm (A);Out-of-bound array access;ALL_bc_with_context.c:222063.37-58;false;ALG TOOL: A1968 DELTA: DB true/undecided;ALARM (A) array_out_of_bounds: [0, 10] not included in array index range [0, 9]
3,804;Alarm (A);Out-of-bound array access;ALL_bc_with_context.c:222148.43-64;false;ALG TOOL: A1968 DELTA: DB true/undecided;ALARM (A) array_out_of_bounds: [-1, 9] not included in array index range [0, 9]
3,805;Alarm (A);Out-of-bound array access;ALL_bc_with_context.c:222176.31-52;false;ALG TOOL: A1968 DELTA: DB true/undecided;ALARM (A) array_out_of_bounds: [-1, 9] not included in array index range [0, 9]
4,080;Alarm (A);Out-of-bound array access;ALL_bc_with_context.c:403863.69-74;false;ALG TOOL: A1968 DELTA:;ALARM (A) array_out_of_bounds: [0, 255] not included in array index range [0, 0]
4,332;Alarm (A);Out-of-bound array access;ALL_bc_with_context.c:508352.45-77;false;ALG TOOL: A1968 DELTA:;ALARM (A) array_out_of_bounds: [0, 7] not included in array index range [0, 1]
4,334;Alarm (A);Out-of-bound array access;ALL_bc_with_context.c:508355.46-78;false;ALG TOOL: A1968 DELTA:;ALARM (A) array_out_of_bounds: [0, 7] not included in array index range [0, 1]
4,336;Alarm (A);Out-of-bound array access;ALL_bc_with_context.c:508358.62-94;false;ALG TOOL: A1968 DELTA:;ALARM (A) array_out_of_bounds: [0, 7] not included in array index range [0, 1]
4,339;Alarm (A);Out-of-bound array access;ALL_bc_with_context.c:508359.68-100;false;ALG TOOL: A1968 DELTA:;ALARM (A) array_out_of_bounds: [0, 7] not included in array index range [0, 1]
4,343;Alarm (A);Out-of-bound array access;ALL_bc_with_context.c:508362.47-79;false;ALG TOOL: A1968 DELTA:;ALARM (A) array_out_of_bounds: [0, 7] not included in array index range [0, 1]
4,346;Alarm (A);Out-of-bound array access;ALL_bc_with_context.c:508363.50-82;false;ALG TOOL: A1968 DELTA:;ALARM (A) array_out_of_bounds: [0, 7] not included in array index range [0, 1]
4,360;Alarm (A);Out-of-bound array access;ALL_bc_with_context.c:506971.46-75;false;ALG TOOL: A1968 DELTA:;ALARM (A) array_out_of_bounds: [0, 7] not included in array index range [0, 1]
4,361;Alarm (A);Out-of-bound array access;ALL_bc_with_context.c:506975.50-79;false;ALG TOOL: A1968 DELTA:;ALARM (A) array_out_of_bounds: [0, 7] not included in array index range [0, 1]
4,363;Alarm (A);Out-of-bound array access;ALL_bc_with_context.c:506978.50-79;false;ALG TOOL: A1968 DELTA:;ALARM (A) array_out_of_bounds: [0, 7] not included in array index range [0, 1]
4,365;Alarm (A);Out-of-bound array access;ALL_bc_with_context.c:506981.31-52;false;ALG TOOL: A1968 DELTA: DB true/undecided;ALARM (A) array_out_of_bounds: [0, 1] not included in array index range [0, 0]
4,366;Alarm (A);Out-of-bound array access;ALL_bc_with_context.c:506790.134-163;false;ALG TOOL: A1968 DELTA:;ALARM (A) array_out_of_bounds: [0, 7] not included in array index range [0, 1]
4,373;Alarm (A);Out-of-bound array access;ALL_bc_with_context.c:506830.98-127;false;ALG TOOL: A1968 DELTA:;ALARM (A) array_out_of_bounds: [0, 7] not included in array index range [0, 1]
4,537;Alarm (A);Out-of-bound array access;ALL_bc_with_context.c:216438.36-37;false;ALG TOOL: A1968 DELTA: DB true/undecided;ALARM (A) array_out_of_bounds: [0, 8] not included in array index range [0, 7]
4,643;Alarm (A);Out-of-bound array access;ALL_bc_with_context.c:219301.78-97;false;ALG TOOL: A1968 DELTA: DB true/undecided;ALARM (A) array_out_of_bounds: [0, 255] not included in array index range [0, 13]
4,748;Alarm (A);Out-of-bound array access;ALL_bc_with_context.c:182880.39-49;false;ALG TOOL: A1968 DELTA:;ALARM (A) array_out_of_bounds: [0, 65535] not included in array index range [0, 50]
4,754;Alarm (A);Out-of-bound array access;ALL_bc_with_context.c:355734.25-43;false;e;ALARM (A) array_out_of_bounds: [0, 255] not included in array index range [0, 42]
4,757;Alarm (A);Out-of-bound array access;ALL_bc_with_context.c:356570.43-56;false;ALG TOOL: A1968 DELTA:;ALARM (A) array_out_of_bounds: [1, 4096] not included in array index range [0, 719]
4,763;Alarm (A);Out-of-bound array access;ALL_bc_with_context.c:349361.25-43;false;ALG TOOL: A1968 DELTA:;ALARM (A) array_out_of_bounds: [0, 255] not included in array index range [0, 42]
4,764;Alarm (A);Out-of-bound array access;ALL_bc_with_context.c:349322.18-26;false;e;ALARM (A) array_out_of_bounds: [0, 4095] not included in array index range [0, 682]
4,765;Alarm (A);Out-of-bound array access;ALL_bc_with_context.c:349583.16-34;false;ALG TOOL: A1968 DELTA:;ALARM (A) array_out_of_bounds: [0, 255] not included in array index range [0, 42]
4,767;Alarm (A);Out-of-bound array access;ALL_bc_with_context.c:350659.91-99;false;ALG TOOL: A1968 DELTA:;ALARM (A) array_out_of_bounds: [0, 255] not included in array index range [0, 21]
4,768;Alarm (A);Out-of-bound array access;ALL_bc_with_context.c:349351.16-34;false;ALG TOOL: A1968 DELTA:;ALARM (A) array_out_of_bounds: [0, 255] not included in array index range [0, 42]
4,771;Alarm (A);Out-of-bound array access;ALL_bc_with_context.c:349626.42-55;false;ALG TOOL: A1968 DELTA:;ALARM (A) array_out_of_bounds: [0, 254] not included in array index range [0, 19]
4,773;Alarm (A);Out-of-bound array access;ALL_bc_with_context.c:355541.48-54;false;ALG TOOL: A1968 DELTA:;ALARM (A) array_out_of_bounds: [0, 4095] not included in array index range [0, 719]
4,774;Alarm (A);Out-of-bound array access;ALL_bc_with_context.c:355545.48-59;false;ALG TOOL: A1968 DELTA:;ALARM (A) array_out_of_bounds: [1, 4096] not included in array index range [0, 719]
4,775;Alarm (A);Out-of-bound array access;ALL_bc_with_context.c:355012.27-63;false;ALG TOOL: A1968 DELTA:;ALARM (A) array_out_of_bounds: [-43, 2] not included in array index range [0, 2]
4,776;Alarm (A);Out-of-bound array access;ALL_bc_with_context.c:354984.37-44;false;ALG TOOL: A1968 DELTA:;ALARM (A) array_out_of_bounds: [1, 21] not included in array index range [0, 20]
4,778;Alarm (A);Out-of-bound array access;ALL_bc_with_context.c:355384.31-70;false;ALG TOOL: A1968 DELTA:;ALARM (A) array_out_of_bounds: [-43, 2] not included in array index range [0, 2]
4,779;Alarm (A);Out-of-bound array access;ALL_bc_with_context.c:355397.35-76;false;ALG TOOL: A1968 DELTA:;ALARM (A) array_out_of_bounds: [-43, 2] not included in array index range [0, 2]
4,780;Alarm (A);Out-of-bound array access;ALL_bc_with_context.c:355616.39-75;false;ALG TOOL: A1968 DELTA:;ALARM (A) array_out_of_bounds: [-43, 2] not included in array index range [0, 2]
4,782;Alarm (A);Out-of-bound array access;ALL_bc_with_context.c:369251.32-76;false;ALG TOOL: A1968 DELTA: DB true/undecided;ALARM (A) array_out_of_bounds: [0, 255] not included in array index range [0, 19]
4,832;Alarm (A);Out-of-bound array access;ALL_bc_with_context.c:597892.87-111;false;e;ALARM (A) array_out_of_bounds: [0, 255] not included in array index range [0, 63]
4,857;Alarm (A);Out-of-bound array access;ALL_bc_with_context.c:597103.51-113;false;ALG TOOL: A1968 DELTA:;ALARM (A) array_out_of_bounds: [0, 255] not included in array index range [0, 5]
4,878;Alarm (A);Out-of-bound array access;ALL_bc_with_context.c:595553.92-104;false;e;ALARM (A) array_out_of_bounds: [0, 255] not included in array index range [0, 63]
4,881;Alarm (A);Out-of-bound array access;ALL_bc_with_context.c:595683.59-68;false;ALG TOOL: A1968 DELTA:;ALARM (A) array_out_of_bounds: [0, 186] not included in array index range [0, 185]
4,882;Alarm (A);Out-of-bound array access;ALL_bc_with_context.c:595696.86-98;false;e;ALARM (A) array_out_of_bounds: [0, 255] not included in array index range [0, 63]
4,887;Alarm (A);Out-of-bound array access;ALL_bc_with_context.c:595809.91-103;false;e;ALARM (A) array_out_of_bounds: [0, 255] not included in array index range [0, 63]
4,890;Alarm (A);Out-of-bound array access;ALL_bc_with_context.c:595904.46-55;false;ALG TOOL: A1968 DELTA:;ALARM (A) array_out_of_bounds: [0, 186] not included in array index range [0, 185]
4,893;Alarm (A);Out-of-bound array access;ALL_bc_with_context.c:595275.28-37;false;ALG TOOL: A1968 DELTA:;ALARM (A) array_out_of_bounds: [0, 186] not included in array index range [0, 185]
4,900;Alarm (A);Out-of-bound array access;ALL_bc_with_context.c:180800.33-39;false;ALG TOOL: A1968 DELTA:;ALARM (A) array_out_of_bounds: [84, 266] not included in array index range [0, 261]
4,901;Alarm (A);Out-of-bound array access;ALL_bc_with_context.c:180079.33-39;false;ALG TOOL: A1968 DELTA:;ALARM (A) array_out_of_bounds: [84, 266] not included in array index range [0, 261]
4,906;Alarm (A);Out-of-bound array access;ALL_bc_with_context.c:179693.33-39;false;ALG TOOL: A1968 DELTA:;ALARM (A) array_out_of_bounds: [84, 266] not included in array index range [0, 261]
4,907;Alarm (A);Out-of-bound array access;ALL_bc_with_context.c:179819.35-41;false;ALG TOOL: A1968 DELTA:;ALARM (A) array_out_of_bounds: [84, 266] not included in array index range [0, 261]
4,910;Alarm (A);Out-of-bound array access;ALL_bc_with_context.c:179762.39-61;false;ALG TOOL: A1968 DELTA:;ALARM (A) array_out_of_bounds: [0, 4294967295] not included in array index range [0, 0]
4,913;Alarm (A);Out-of-bound array access;ALL_bc_with_context.c:179068.39-61;false;ALG TOOL: A1968 DELTA:;ALARM (A) array_out_of_bounds: [0, 4294967295] not included in array index range [0, 0]
4,914;Alarm (A);Out-of-bound array access;ALL_bc_with_context.c:179741.30-36;false;ALG TOOL: A1968 DELTA: DB true/undecided;ALARM (A) array_out_of_bounds: [0, 3] not included in array index range [0, 1]
4,915;Alarm (A);Out-of-bound array access;ALL_bc_with_context.c:179751.30-36;false;ALG TOOL: A1968 DELTA: DB true/undecided;ALARM (A) array_out_of_bounds: [0, 3] not included in array index range [0, 1]
4,916;Alarm (A);Out-of-bound array access;ALL_bc_with_context.c:179746.30-36;false;ALG TOOL: A1968 DELTA: DB true/undecided;ALARM (A) array_out_of_bounds: [0, 3] not included in array index range [0, 1]
4,923;Alarm (A);Out-of-bound array access;ALL_bc_with_context.c:250137.26-38;false;ALG TOOL: A1968 DELTA:;ALARM (A) array_out_of_bounds: [0, 20] not included in array index range [0, 19]
4,924;Alarm (A);Out-of-bound array access;ALL_bc_with_context.c:591655.36-54;false;ALG TOOL: A1968 DELTA:;ALARM (A) array_out_of_bounds: [0, 255] not included in array index range [0, 20]
4,925;Alarm (A);Out-of-bound array access;ALL_bc_with_context.c:591655.75-100;false;ALG TOOL: A1968 DELTA:;ALARM (A) array_out_of_bounds: [0, 255] not included in array index range [0, 20]
4,932;Alarm (A);Out-of-bound array access;ALL_bc_with_context.c:591220.40-48;false;e;ALARM (A) array_out_of_bounds: [0, 2] not included in array index range [0, 1]
4,934;Alarm (A);Out-of-bound array access;ALL_bc_with_context.c:591263.93-111;false;ALG TOOL: A1968 DELTA:;ALARM (A) array_out_of_bounds: [0, 8] not included in array index range [0, 7]
5,004;Alarm (A);Out-of-bound array access;ALL_bc_with_context.c:591312.63-78;false;ALG TOOL: A1968 DELTA:;ALARM (A) array_out_of_bounds: [1, 96] not included in array index range [0, 95]
5,171;Alarm (A);Out-of-bound array access;ALL_bc_with_context.c:589590.33-81;false;ALG TOOL: A1968 DELTA:;ALARM (A) array_out_of_bounds: [0, 255] not included in array index range [0, 2]
5,182;Alarm (A);Out-of-bound array access;ALL_bc_with_context.c:580015.84-98;false;ALG TOOL: A1968 DELTA:;ALARM (A) array_out_of_bounds: [0, 255] not included in array index range [0, 5]
5,190;Alarm (A);Out-of-bound array access;ALL_bc_with_context.c:579782.43-60;false;ALG TOOL: A1968 DELTA:;ALARM (A) array_out_of_bounds: [0, 255] not included in array index range [0, 1]
5,193;Alarm (A);Out-of-bound array access;ALL_bc_with_context.c:579477.27-29;false;e;ALARM (A) array_out_of_bounds: [0, 255] not included in array index range [0, 8]
5,205;Alarm (A);Out-of-bound array access;ALL_bc_with_context.c:579808.47-64;false;ALG TOOL: A1968 DELTA:;ALARM (A) array_out_of_bounds: [0, 255] not included in array index range [0, 1]
5,206;Alarm (A);Out-of-bound array access;ALL_bc_with_context.c:579651.55-94;false;ALG TOOL: A1968 DELTA:;ALARM (A) array_out_of_bounds: [0, 255] not included in array index range [0, 5]
5,208;Alarm (A);Out-of-bound array access;ALL_bc_with_context.c:579557.78-83;false;ALG TOOL: A1968 DELTA:;ALARM (A) array_out_of_bounds: [0, 255] not included in array index range [0, 5]
5,209;Alarm (A);Out-of-bound array access;ALL_bc_with_context.c:579575.43-73;false;ALG TOOL: A1968 DELTA: DB true/undecided;ALARM (A) array_out_of_bounds: [1, 262] not included in array index range [0, 64]
5,215;Alarm (A);Out-of-bound array access;ALL_bc_with_context.c:579416.84-89;false;ALG TOOL: A1968 DELTA:;ALARM (A) array_out_of_bounds: [0, 255] not included in array index range [0, 5]
5,218;Alarm (A);Out-of-bound array access;ALL_bc_with_context.c:579371.47-77;false;ALG TOOL: A1968 DELTA:;ALARM (A) array_out_of_bounds: [1, 65] not included in array index range [0, 64]
5,220;Alarm (A);Out-of-bound array access;ALL_bc_with_context.c:579659.39-57;false;ALG TOOL: A1968 DELTA:;ALARM (A) array_out_of_bounds: [0, 255] not included in array index range [0, 1]
5,320;Alarm (A);Out-of-bound array access;ALL_bc_with_context.c:534963.46-54;false;ALG TOOL: A1968 DELTA:;ALARM (A) array_out_of_bounds: [0, 7] not included in array index range [0, 0]
5,321;Alarm (A);Out-of-bound array access;ALL_bc_with_context.c:534973.41-49;false;ALG TOOL: A1968 DELTA:;ALARM (A) array_out_of_bounds: [0, 7] not included in array index range [0, 0]
5,360;Alarm (A);Out-of-bound array access;ALL_bc_with_context.c:533014.53-87;false;ALG TOOL: A1968 DELTA:;ALARM (A) array_out_of_bounds: [0, 255] not included in array index range [0, 7]
5,363;Alarm (A);Out-of-bound array access;ALL_bc_with_context.c:533042.55-89;false;ALG TOOL: A1968 DELTA:;ALARM (A) array_out_of_bounds: [0, 255] not included in array index range [0, 1]
5,742;Alarm (A);Out-of-bound array access;ALL_bc_with_context.c:93480.22-30;false;e;ALARM (A) array_out_of_bounds: [0, 65535] not included in array index range [0, 279]
5,750;Alarm (A);Out-of-bound array access;ALL_bc_with_context.c:489985.62-65;false;e;ALARM (A) array_out_of_bounds: [0, 254] not included in array index range [0, 11]
5,751;Alarm (A);Out-of-bound array access;ALL_bc_with_context.c:489995.79-82;false;e;ALARM (A) array_out_of_bounds: [0, 254] not included in array index range [0, 11]
5,758;Alarm (A);Out-of-bound array access;ALL_bc_with_context.c:490047.35-38;false;e;ALARM (A) array_out_of_bounds: [0, 254] not included in array index range [0, 11]
5,766;Alarm (A);Out-of-bound array access;ALL_bc_with_context.c:490176.53-56;false;e;ALARM (A) array_out_of_bounds: [0, 254] not included in array index range [0, 11]
5,775;Alarm (A);Out-of-bound array access;ALL_bc_with_context.c:490206.73-76;false;e;ALARM (A) array_out_of_bounds: [0, 254] not included in array index range [0, 11]
5,777;Alarm (A);Out-of-bound array access;ALL_bc_with_context.c:490235.57-60;false;e;ALARM (A) array_out_of_bounds: [0, 254] not included in array index range [0, 11]
5,784;Alarm (A);Out-of-bound array access;ALL_bc_with_context.c:490243.48-51;false;e;ALARM (A) array_out_of_bounds: [0, 254] not included in array index range [0, 11]
5,799;Alarm (A);Out-of-bound array access;ALL_bc_with_context.c:490388.66-69;false;e;ALARM (A) array_out_of_bounds: [0, 254] not included in array index range [0, 11]
5,806;Alarm (A);Out-of-bound array access;ALL_bc_with_context.c:490552.58-61;false;e;ALARM (A) array_out_of_bounds: [0, 254] not included in array index range [0, 11]
5,880;Alarm (A);Out-of-bound array access;ALL_bc_with_context.c:484238.63-70;false;ALG TOOL: A1968 DELTA:;ALARM (A) array_out_of_bounds: [0, 255] not included in array index range [0, 19]
5,891;Alarm (A);Out-of-bound array access;ALL_bc_with_context.c:479805.81-86;false;ALG TOOL: A1968 DELTA:;ALARM (A) array_out_of_bounds: [0, 255] not included in array index range [0, 1]
5,892;Alarm (A);Out-of-bound array access;ALL_bc_with_context.c:479810.78-83;false;ALG TOOL: A1968 DELTA:;ALARM (A) array_out_of_bounds: [0, 255] not included in array index range [0, 1]
5,893;Alarm (A);Out-of-bound array access;ALL_bc_with_context.c:398184.73-78;false;ALG TOOL: A1968 DELTA: DB true/undecided;ALARM (A) array_out_of_bounds: [0, 255] not included in array index range [0, 0]
5,907;Alarm (A);Out-of-bound array access;ALL_bc_with_context.c:401260.45-50;false;ALG TOOL: A1968 DELTA:;ALARM (A) array_out_of_bounds: [0, 255] not included in array index range [0, 1]
5,908;Alarm (A);Out-of-bound array access;ALL_bc_with_context.c:399643.81-86;false;ALG TOOL: A1968 DELTA:;ALARM (A) array_out_of_bounds: [0, 255] not included in array index range [0, 1]
5,915;Alarm (A);Out-of-bound array access;ALL_bc_with_context.c:400739.22-23;false;ALG TOOL: A1968 DELTA:;ALARM (A) array_out_of_bounds: [9, 16] not included in array index range [0, 15]
5,918;Alarm (A);Out-of-bound array access;ALL_bc_with_context.c:400758.23-24;false;ALG TOOL: A1968 DELTA:;ALARM (A) array_out_of_bounds: [0, 16] not included in array index range [0, 15]
5,965;Alarm (A);Out-of-bound array access;ALL_bc_with_context.c:400120.75-80;false;ALG TOOL: A1968 DELTA:;ALARM (A) array_out_of_bounds: [0, 255] not included in array index range [0, 2]
5,966;Alarm (A);Out-of-bound array access;ALL_bc_with_context.c:404747.75-80;false;ALG TOOL: A1968 DELTA:;ALARM (A) array_out_of_bounds: [0, 255] not included in array index range [0, 2]
5,967;Alarm (A);Out-of-bound array access;ALL_bc_with_context.c:399616.66-71;false;ALG TOOL: A1968 DELTA:;ALARM (A) array_out_of_bounds: [0, 255] not included in array index range [0, 2]
6,085;Alarm (A);Out-of-bound array access;ALL_bc_with_context.c:397664.80-85;false;e;ALARM (A) array_out_of_bounds: [0, 1] not included in array index range [0, 0]
6,086;Alarm (A);Out-of-bound array access;ALL_bc_with_context.c:396845.66-71;false;e;ALARM (A) array_out_of_bounds: [0, 1] not included in array index range [0, 0]
6,087;Alarm (A);Out-of-bound array access;ALL_bc_with_context.c:478172.88-93;false;e;ALARM (A) array_out_of_bounds: [0, 1] not included in array index range [0, 0]
6,088;Alarm (A);Out-of-bound array access;ALL_bc_with_context.c:478167.80-85;false;e;ALARM (A) array_out_of_bounds: [0, 1] not included in array index range [0, 0]
6,091;Alarm (A);Out-of-bound array access;ALL_bc_with_context.c:397669.82-87;false;e;ALARM (A) array_out_of_bounds: [0, 1] not included in array index range [0, 0]
6,095;Alarm (A);Out-of-bound array access;ALL_bc_with_context.c:403556.28-33;false;e;ALARM (A) array_out_of_bounds: [0, 1] not included in array index range [0, 0]
6,100;Alarm (A);Out-of-bound array access;ALL_bc_with_context.c:478250.82-87;false;e;ALARM (A) array_out_of_bounds: [0, 1] not included in array index range [0, 0]
6,102;Alarm (A);Out-of-bound array access;ALL_bc_with_context.c:396872.28-33;false;e;ALARM (A) array_out_of_bounds: [0, 1] not included in array index range [0, 0]
6,169;Alarm (A);Out-of-bound array access;ALL_bc_with_context.c:476100.66-71;false;ALG TOOL: A1968 DELTA:;ALARM (A) array_out_of_bounds: [0, 255] not included in array index range [0, 2]
6,174;Alarm (A);Out-of-bound array access;ALL_bc_with_context.c:402770.66-71;false;ALG TOOL: A1968 DELTA:;ALARM (A) array_out_of_bounds: [0, 255] not included in array index range [0, 2]
6,191;Alarm (A);Out-of-bound array access;ALL_bc_with_context.c:402683.48-53;false;ALG TOOL: A1968 DELTA:;ALARM (A) array_out_of_bounds: [0, 255] not included in array index range [0, 1]
6,192;Alarm (A);Out-of-bound array access;ALL_bc_with_context.c:402688.40-45;false;ALG TOOL: A1968 DELTA:;ALARM (A) array_out_of_bounds: [0, 254] not included in array index range [0, 1]
6,195;Alarm (A);Out-of-bound array access;ALL_bc_with_context.c:474413.75-80;false;ALG TOOL: A1968 DELTA:;ALARM (A) array_out_of_bounds: [0, 255] not included in array index range [0, 2]
6,271;Alarm (A);Out-of-bound array access;ALL_bc_with_context.c:402834.81-86;false;ALG TOOL: A1968 DELTA:;ALARM (A) array_out_of_bounds: [0, 255] not included in array index range [0, 1]
6,295;Alarm (A);Out-of-bound array access;ALL_bc_with_context.c:400426.48-53;false;ALG TOOL: A1968 DELTA:;ALARM (A) array_out_of_bounds: [0, 254] not included in array index range [0, 1]
6,297;Alarm (A);Out-of-bound array access;ALL_bc_with_context.c:400431.44-49;false;ALG TOOL: A1968 DELTA:;ALARM (A) array_out_of_bounds: [0, 255] not included in array index range [0, 4]
6,324;Alarm (A);Out-of-bound array access;ALL_bc_with_context.c:400690.41-46;false;ALG TOOL: A1968 DELTA:;ALARM (A) array_out_of_bounds: [0, 254] not included in array index range [0, 4]
6,343;Alarm (A);Out-of-bound array access;ALL_bc_with_context.c:472313.48-58;false;e;ALARM (A) array_out_of_bounds: [0, 254] not included in array index range [0, 4]
6,345;Alarm (A);Out-of-bound array access;ALL_bc_with_context.c:434728.48-59;false;e;ALARM (A) array_out_of_bounds: [0, 254] not included in array index range [0, 4]
6,346;Alarm (A);Out-of-bound array access;ALL_bc_with_context.c:471841.42-52;false;e;ALARM (A) array_out_of_bounds: [0, 65534] not included in array index range [0, 4]
6,355;Alarm (A);Out-of-bound array access;ALL_bc_with_context.c:472400.60-118;true (low);h;ALARM (A) array_out_of_bounds: [0, 255] not included in array index range [0, 4]
6,362;Alarm (A);Out-of-bound array access;ALL_bc_with_context.c:472542.62-120;true (low);h;ALARM (A) array_out_of_bounds: [0, 255] not included in array index range [0, 4]
6,366;Alarm (A);Out-of-bound array access;ALL_bc_with_context.c:472575.63-121;true (low);h;ALARM (A) array_out_of_bounds: [0, 255] not included in array index range [0, 4]
6,413;Alarm (A);Out-of-bound array access;ALL_bc_with_context.c:470950.55-113;true (low);h;ALARM (A) array_out_of_bounds: [0, 255] not included in array index range [0, 4]
6,416;Alarm (A);Out-of-bound array access;ALL_bc_with_context.c:470304.55-61;false;ALG TOOL: A1968 DELTA:;ALARM (A) array_out_of_bounds: [0, 255] not included in array index range [0, 1]
6,440;Alarm (A);Out-of-bound array access;ALL_bc_with_context.c:470263.42-48;false;ALG TOOL: A1968 DELTA:;ALARM (A) array_out_of_bounds: [0, 255] not included in array index range [0, 5]
6,443;Alarm (A);Out-of-bound array access;ALL_bc_with_context.c:470269.34-71;false;ALG TOOL: A1968 DELTA:;ALARM (A) array_out_of_bounds: [0, 255] not included in array index range [0, 1]
6,450;Alarm (A);Out-of-bound array access;ALL_bc_with_context.c:468058.71-76;false;e;ALARM (A) array_out_of_bounds: [0, 255] not included in array index range [0, 1]
6,451;Alarm (A);Out-of-bound array access;ALL_bc_with_context.c:468087.70-75;false;e;ALARM (A) array_out_of_bounds: [0, 255] not included in array index range [0, 1]
6,452;Alarm (A);Out-of-bound array access;ALL_bc_with_context.c:467306.23-28;false;e;ALARM (A) array_out_of_bounds: [0, 255] not included in array index range [0, 1]
6,454;Alarm (A);Out-of-bound array access;ALL_bc_with_context.c:467347.74-79;false;e;ALARM (A) array_out_of_bounds: [0, 255] not included in array index range [0, 0]
6,455;Alarm (A);Out-of-bound array access;ALL_bc_with_context.c:467342.66-71;false;e;ALARM (A) array_out_of_bounds: [0, 255] not included in array index range [0, 1]
6,456;Alarm (A);Out-of-bound array access;ALL_bc_with_context.c:467337.32-37;false;e;ALARM (A) array_out_of_bounds: [0, 255] not included in array index range [0, 0]
6,459;Alarm (A);Out-of-bound array access;ALL_bc_with_context.c:467352.22-27;false;e;ALARM (A) array_out_of_bounds: [0, 255] not included in array index range [0, 0]
6,462;Alarm (A);Out-of-bound array access;ALL_bc_with_context.c:467464.30-35;false;e;ALARM (A) array_out_of_bounds: [0, 255] not included in array index range [0, 0]
6,463;Alarm (A);Out-of-bound array access;ALL_bc_with_context.c:467494.33-38;false;e;ALARM (A) array_out_of_bounds: [0, 255] not included in array index range [0, 1]
6,465;Alarm (A);Out-of-bound array access;ALL_bc_with_context.c:405165.30-35;false;e;ALARM (A) array_out_of_bounds: [0, 255] not included in array index range [0, 0]
6,466;Alarm (A);Out-of-bound array access;ALL_bc_with_context.c:399208.32-37;false;e;ALARM (A) array_out_of_bounds: [0, 255] not included in array index range [0, 0]
6,472;Alarm (A);Out-of-bound array access;ALL_bc_with_context.c:466966.75-80;false;e;ALARM (A) array_out_of_bounds: [1, 255] not included in array index range [0, 1]
6,473;Alarm (A);Out-of-bound array access;ALL_bc_with_context.c:407623.72-77;false;e;ALARM (A) array_out_of_bounds: [0, 254] not included in array index range [0, 0]
6,474;Alarm (A);Out-of-bound array access;ALL_bc_with_context.c:466971.80-85;false;e;ALARM (A) array_out_of_bounds: [0, 1] not included in array index range [0, 0]
6,475;Alarm (A);Out-of-bound array access;ALL_bc_with_context.c:466961.66-71;false;e;ALARM (A) array_out_of_bounds: [0, 1] not included in array index range [0, 0]
6,476;Alarm (A);Out-of-bound array access;ALL_bc_with_context.c:385607.60-65;false;e;ALARM (A) array_out_of_bounds: [0, 254] not included in array index range [0, 0]
6,477;Alarm (A);Out-of-bound array access;ALL_bc_with_context.c:466976.88-93;false;e;ALARM (A) array_out_of_bounds: [0, 1] not included in array index range [0, 0]
6,478;Alarm (A);Out-of-bound array access;ALL_bc_with_context.c:385637.80-85;false;ALG TOOL: A1968 DELTA: DB true/undecided;ALARM (A) array_out_of_bounds: [0, 1] not included in array index range [0, 0]
6,479;Alarm (A);Out-of-bound array access;ALL_bc_with_context.c:385642.82-87;false;ALG TOOL: A1968 DELTA: DB true/undecided;ALARM (A) array_out_of_bounds: [0, 1] not included in array index range [0, 0]
6,480;Alarm (A);Out-of-bound array access;ALL_bc_with_context.c:385926.75-80;false;ALG TOOL: A1968 DELTA:;ALARM (A) array_out_of_bounds: [1, 255] not included in array index range [0, 1]
6,486;Alarm (A);Out-of-bound array access;ALL_bc_with_context.c:403396.28-33;false;e;ALARM (A) array_out_of_bounds: [0, 1] not included in array index range [0, 0]
6,487;Alarm (A);Out-of-bound array access;ALL_bc_with_context.c:466956.82-87;false;e;ALARM (A) array_out_of_bounds: [0, 1] not included in array index range [0, 0]
6,489;Alarm (A);Out-of-bound array access;ALL_bc_with_context.c:403391.28-33;false;e;ALARM (A) array_out_of_bounds: [0, 1] not included in array index range [0, 0]
6,491;Alarm (A);Out-of-bound array access;ALL_bc_with_context.c:385691.22-27;false;ALG TOOL: A1968 DELTA: DB true/undecided;ALARM (A) array_out_of_bounds: [0, 254] not included in array index range [0, 0]
6,492;Alarm (A);Out-of-bound array access;ALL_bc_with_context.c:403374.22-27;false;ALG TOOL: A1968 DELTA: DB true/undecided;ALARM (A) array_out_of_bounds: [0, 254] not included in array index range [0, 0]
6,493;Alarm (A);Out-of-bound array access;ALL_bc_with_context.c:406792.60-65;false;e;ALARM (A) array_out_of_bounds: [0, 254] not included in array index range [0, 0]
6,495;Alarm (A);Out-of-bound array access;ALL_bc_with_context.c:403379.22-27;false;ALG TOOL: A1968 DELTA: DB true/undecided;ALARM (A) array_out_of_bounds: [0, 254] not included in array index range [0, 0]
6,496;Alarm (A);Out-of-bound array access;ALL_bc_with_context.c:403183.22-27;false;ALG TOOL: A1968 DELTA:;ALARM (A) array_out_of_bounds: [0, 254] not included in array index range [0, 0]
6,497;Alarm (A);Out-of-bound array access;ALL_bc_with_context.c:403188.22-27;false;ALG TOOL: A1968 DELTA:;ALARM (A) array_out_of_bounds: [0, 254] not included in array index range [0, 0]
6,498;Alarm (A);Out-of-bound array access;ALL_bc_with_context.c:406564.66-71;false;e;ALARM (A) array_out_of_bounds: [1, 255] not included in array index range [0, 1]
6,499;Alarm (A);Out-of-bound array access;ALL_bc_with_context.c:404949.33-38;false;ALG TOOL: A1968 DELTA:;ALARM (A) array_out_of_bounds: [1, 255] not included in array index range [0, 1]
6,500;Alarm (A);Out-of-bound array access;ALL_bc_with_context.c:463986.23-28;false;e;ALARM (A) array_out_of_bounds: [1, 255] not included in array index range [0, 1]
7,038;Alarm (A);Out-of-bound array access;ALL_bc_with_context.c:445684.24-52;false;e;ALARM (A) array_out_of_bounds: [-65515, 20] not included in array index range [0, 19]
7,041;Alarm (A);Out-of-bound array access;ALL_bc_with_context.c:445694.28-56;false;e;ALARM (A) array_out_of_bounds: [-65515, 20] not included in array index range [0, 19]
7,250;Alarm (A);Out-of-bound array access;ALL_bc_with_context.c:326392.33-39;false;ALG TOOL: A1968 DELTA:;ALARM (A) array_out_of_bounds: [0, 255] not included in array index range [0, 9]
7,256;Alarm (A);Out-of-bound array access;ALL_bc_with_context.c:434946.61-119;true (low);h;ALARM (A) array_out_of_bounds: [0, 255] not included in array index range [0, 4]
7,260;Alarm (A);Out-of-bound array access;ALL_bc_with_context.c:435025.63-121;true (low);h;ALARM (A) array_out_of_bounds: [0, 255] not included in array index range [0, 4]
7,262;Alarm (A);Out-of-bound array access;ALL_bc_with_context.c:435044.61-119;true (low);h;ALARM (A) array_out_of_bounds: [0, 255] not included in array index range [0, 4]
7,264;Alarm (A);Out-of-bound array access;ALL_bc_with_context.c:434869.118-128;false;e;ALARM (A) array_out_of_bounds: [0, 5] not included in array index range [0, 4]
7,284;Alarm (A);Out-of-bound array access;ALL_bc_with_context.c:434895.109-113;false;e;ALARM (A) array_out_of_bounds: [0, 254] not included in array index range [0, 4]
7,453;Alarm (A);Out-of-bound array access;ALL_bc_with_context.c:404093.44-49;false;ALG TOOL: A1968 DELTA:;ALARM (A) array_out_of_bounds: [0, 255] not included in array index range [0, 4]
7,454;Alarm (A);Out-of-bound array access;ALL_bc_with_context.c:404098.36-41;false;ALG TOOL: A1968 DELTA:;ALARM (A) array_out_of_bounds: [0, 254] not included in array index range [0, 4]
7,462;Alarm (A);Out-of-bound array access;ALL_bc_with_context.c:402623.47-52;false;ALG TOOL: A1968 DELTA:;ALARM (A) array_out_of_bounds: [0, 255] not included in array index range [0, 4]
7,463;Alarm (A);Out-of-bound array access;ALL_bc_with_context.c:402628.39-44;false;ALG TOOL: A1968 DELTA:;ALARM (A) array_out_of_bounds: [0, 254] not included in array index range [0, 4]
7,477;Alarm (A);Out-of-bound array access;ALL_bc_with_context.c:403142.75-80;false;e;ALARM (A) array_out_of_bounds: [0, 255] not included in array index range [0, 1]
7,478;Alarm (A);Out-of-bound array access;ALL_bc_with_context.c:403178.77-82;false;ALG TOOL: A1968 DELTA:;ALARM (A) array_out_of_bounds: [0, 255] not included in array index range [0, 0]
7,479;Alarm (A);Out-of-bound array access;ALL_bc_with_context.c:403173.85-90;false;e;ALARM (A) array_out_of_bounds: [0, 255] not included in array index range [0, 0]
7,484;Alarm (A);Out-of-bound array access;ALL_bc_with_context.c:403203.25-30;false;e;ALARM (A) array_out_of_bounds: [0, 255] not included in array index range [0, 0]
7,485;Alarm (A);Out-of-bound array access;ALL_bc_with_context.c:403208.25-30;false;e;ALARM (A) array_out_of_bounds: [0, 255] not included in array index range [0, 0]
7,486;Alarm (A);Out-of-bound array access;ALL_bc_with_context.c:403299.22-27;false;ALG TOOL: A1968 DELTA:;ALARM (A) array_out_of_bounds: [0, 255] not included in array index range [0, 0]
7,487;Alarm (A);Out-of-bound array access;ALL_bc_with_context.c:403217.60-65;false;ALG TOOL: A1968 DELTA:;ALARM (A) array_out_of_bounds: [0, 255] not included in array index range [0, 0]
7,488;Alarm (A);Out-of-bound array access;ALL_bc_with_context.c:403339.22-27;false;ALG TOOL: A1968 DELTA:;ALARM (A) array_out_of_bounds: [0, 255] not included in array index range [0, 0]
7,489;Alarm (A);Out-of-bound array access;ALL_bc_with_context.c:403334.22-27;false;ALG TOOL: A1968 DELTA:;ALARM (A) array_out_of_bounds: [0, 255] not included in array index range [0, 0]
7,490;Alarm (A);Out-of-bound array access;ALL_bc_with_context.c:403344.22-27;false;ALG TOOL: A1968 DELTA:;ALARM (A) array_out_of_bounds: [0, 255] not included in array index range [0, 0]
7,491;Alarm (A);Out-of-bound array access;ALL_bc_with_context.c:385696.22-27;false;ALG TOOL: A1968 DELTA:;ALARM (A) array_out_of_bounds: [0, 255] not included in array index range [0, 0]
7,492;Alarm (A);Out-of-bound array access;ALL_bc_with_context.c:397679.22-27;false;ALG TOOL: A1968 DELTA:;ALARM (A) array_out_of_bounds: [0, 255] not included in array index range [0, 0]
7,493;Alarm (A);Out-of-bound array access;ALL_bc_with_context.c:397674.22-27;false;ALG TOOL: A1968 DELTA:;ALARM (A) array_out_of_bounds: [0, 255] not included in array index range [0, 0]
7,494;Alarm (A);Out-of-bound array access;ALL_bc_with_context.c:385592.81-86;false;ALG TOOL: A1968 DELTA:;ALARM (A) array_out_of_bounds: [0, 255] not included in array index range [0, 0]
7,495;Alarm (A);Out-of-bound array access;ALL_bc_with_context.c:385713.22-27;false;ALG TOOL: A1968 DELTA:;ALARM (A) array_out_of_bounds: [0, 255] not included in array index range [0, 0]
7,496;Alarm (A);Out-of-bound array access;ALL_bc_with_context.c:385718.22-27;false;ALG TOOL: A1968 DELTA:;ALARM (A) array_out_of_bounds: [0, 255] not included in array index range [0, 0]
7,497;Alarm (A);Out-of-bound array access;ALL_bc_with_context.c:385723.22-27;false;ALG TOOL: A1968 DELTA:;ALARM (A) array_out_of_bounds: [0, 255] not included in array index range [0, 0]
7,498;Alarm (A);Out-of-bound array access;ALL_bc_with_context.c:403354.22-27;false;ALG TOOL: A1968 DELTA:;ALARM (A) array_out_of_bounds: [0, 255] not included in array index range [0, 0]
7,499;Alarm (A);Out-of-bound array access;ALL_bc_with_context.c:403309.22-27;false;ALG TOOL: A1968 DELTA:;ALARM (A) array_out_of_bounds: [0, 255] not included in array index range [0, 0]
7,500;Alarm (A);Out-of-bound array access;ALL_bc_with_context.c:403304.22-27;false;ALG TOOL: A1968 DELTA:;ALARM (A) array_out_of_bounds: [0, 255] not included in array index range [0, 0]
7,501;Alarm (A);Out-of-bound array access;ALL_bc_with_context.c:403289.27-32;false;ALG TOOL: A1968 DELTA:;ALARM (A) array_out_of_bounds: [0, 255] not included in array index range [0, 0]
7,502;Alarm (A);Out-of-bound array access;ALL_bc_with_context.c:403369.22-27;false;ALG TOOL: A1968 DELTA:;ALARM (A) array_out_of_bounds: [0, 255] not included in array index range [0, 0]
7,503;Alarm (A);Out-of-bound array access;ALL_bc_with_context.c:403364.22-27;false;ALG TOOL: A1968 DELTA:;ALARM (A) array_out_of_bounds: [0, 255] not included in array index range [0, 0]
7,504;Alarm (A);Out-of-bound array access;ALL_bc_with_context.c:403359.22-27;false;ALG TOOL: A1968 DELTA:;ALARM (A) array_out_of_bounds: [0, 255] not included in array index range [0, 0]
7,505;Alarm (A);Out-of-bound array access;ALL_bc_with_context.c:403314.22-27;false;ALG TOOL: A1968 DELTA:;ALARM (A) array_out_of_bounds: [0, 255] not included in array index range [0, 0]
7,506;Alarm (A);Out-of-bound array access;ALL_bc_with_context.c:403324.22-27;false;ALG TOOL: A1968 DELTA:;ALARM (A) array_out_of_bounds: [0, 255] not included in array index range [0, 0]
7,507;Alarm (A);Out-of-bound array access;ALL_bc_with_context.c:403329.22-27;false;ALG TOOL: A1968 DELTA:;ALARM (A) array_out_of_bounds: [0, 255] not included in array index range [0, 0]
7,508;Alarm (A);Out-of-bound array access;ALL_bc_with_context.c:403294.22-27;false;ALG TOOL: A1968 DELTA:;ALARM (A) array_out_of_bounds: [0, 255] not included in array index range [0, 0]
7,509;Alarm (A);Out-of-bound array access;ALL_bc_with_context.c:403319.22-27;false;ALG TOOL: A1968 DELTA:;ALARM (A) array_out_of_bounds: [0, 255] not included in array index range [0, 0]
7,510;Alarm (A);Out-of-bound array access;ALL_bc_with_context.c:403741.23-28;false;ALG TOOL: A1968 DELTA:;ALARM (A) array_out_of_bounds: [0, 255] not included in array index range [0, 1]
7,511;Alarm (A);Out-of-bound array access;ALL_bc_with_context.c:403729.33-38;false;e;ALARM (A) array_out_of_bounds: [0, 255] not included in array index range [0, 1]
7,512;Alarm (A);Out-of-bound array access;ALL_bc_with_context.c:403724.33-38;false;ALG TOOL: A1968 DELTA:;ALARM (A) array_out_of_bounds: [0, 255] not included in array index range [0, 1]
7,513;Alarm (A);Out-of-bound array access;ALL_bc_with_context.c:403756.23-28;false;ALG TOOL: A1968 DELTA:;ALARM (A) array_out_of_bounds: [0, 255] not included in array index range [0, 1]
7,514;Alarm (A);Out-of-bound array access;ALL_bc_with_context.c:403751.22-27;false;ALG TOOL: A1968 DELTA:;ALARM (A) array_out_of_bounds: [0, 254] not included in array index range [0, 0]
7,515;Alarm (A);Out-of-bound array access;ALL_bc_with_context.c:403761.22-27;false;ALG TOOL: A1968 DELTA:;ALARM (A) array_out_of_bounds: [0, 254] not included in array index range [0, 0]
7,516;Alarm (A);Out-of-bound array access;ALL_bc_with_context.c:403766.23-28;false;ALG TOOL: A1968 DELTA:;ALARM (A) array_out_of_bounds: [0, 255] not included in array index range [0, 1]
7,517;Alarm (A);Out-of-bound array access;ALL_bc_with_context.c:403746.23-28;false;ALG TOOL: A1968 DELTA:;ALARM (A) array_out_of_bounds: [0, 255] not included in array index range [0, 1]
7,518;Alarm (A);Out-of-bound array access;ALL_bc_with_context.c:401790.23-28;false;ALG TOOL: A1968 DELTA:;ALARM (A) array_out_of_bounds: [0, 255] not included in array index range [0, 4]
7,519;Alarm (A);Out-of-bound array access;ALL_bc_with_context.c:403687.23-28;false;ALG TOOL: A1968 DELTA:;ALARM (A) array_out_of_bounds: [0, 255] not included in array index range [0, 4]
7,520;Alarm (A);Out-of-bound array access;ALL_bc_with_context.c:403697.23-28;false;ALG TOOL: A1968 DELTA:;ALARM (A) array_out_of_bounds: [0, 255] not included in array index range [0, 4]
7,521;Alarm (A);Out-of-bound array access;ALL_bc_with_context.c:403702.23-28;false;ALG TOOL: A1968 DELTA:;ALARM (A) array_out_of_bounds: [0, 255] not included in array index range [0, 4]
7,522;Alarm (A);Out-of-bound array access;ALL_bc_with_context.c:403692.23-28;false;ALG TOOL: A1968 DELTA:;ALARM (A) array_out_of_bounds: [0, 255] not included in array index range [0, 4]
7,556;Alarm (A);Out-of-bound array access;ALL_bc_with_context.c:401775.64-69;false;ALG TOOL: A1968 DELTA:;ALARM (A) array_out_of_bounds: [0, 255] not included in array index range [0, 4]
7,557;Alarm (A);Out-of-bound array access;ALL_bc_with_context.c:402296.67-72;false;ALG TOOL: A1968 DELTA:;ALARM (A) array_out_of_bounds: [0, 255] not included in array index range [0, 4]
7,582;Alarm (A);Out-of-bound array access;ALL_bc_with_context.c:401785.91-96;false;ALG TOOL: A1968 DELTA:;ALARM (A) array_out_of_bounds: [0, 255] not included in array index range [0, 4]
7,586;Alarm (A);Out-of-bound array access;ALL_bc_with_context.c:402348.28-33;false;ALG TOOL: A1968 DELTA:;ALARM (A) array_out_of_bounds: [0, 255] not included in array index range [0, 1]
7,587;Alarm (A);Out-of-bound array access;ALL_bc_with_context.c:402353.28-33;false;ALG TOOL: A1968 DELTA:;ALARM (A) array_out_of_bounds: [0, 255] not included in array index range [0, 1]
7,691;Alarm (A);Out-of-bound array access;ALL_bc_with_context.c:400695.33-38;false;ALG TOOL: A1968 DELTA:;ALARM (A) array_out_of_bounds: [0, 254] not included in array index range [0, 4]
7,749;Alarm (A);Out-of-bound array access;ALL_bc_with_context.c:385796.75-80;false;ALG TOOL: A1968 DELTA: DB true/undecided;ALARM (A) array_out_of_bounds: [0, 254] not included in array index range [0, 0]
7,750;Alarm (A);Out-of-bound array access;ALL_bc_with_context.c:385823.82-87;false;ALG TOOL: A1968 DELTA:;ALARM (A) array_out_of_bounds: [0, 1] not included in array index range [0, 0]
7,752;Alarm (A);Out-of-bound array access;ALL_bc_with_context.c:385816.28-33;false;ALG TOOL: A1968 DELTA:;ALARM (A) array_out_of_bounds: [0, 1] not included in array index range [0, 0]
7,753;Alarm (A);Out-of-bound array access;ALL_bc_with_context.c:396823.75-80;false;ALG TOOL: A1968 DELTA:;ALARM (A) array_out_of_bounds: [1, 255] not included in array index range [0, 1]
7,754;Alarm (A);Out-of-bound array access;ALL_bc_with_context.c:396877.82-87;false;e;ALARM (A) array_out_of_bounds: [0, 1] not included in array index range [0, 0]
7,756;Alarm (A);Out-of-bound array access;ALL_bc_with_context.c:396850.63-68;false;e;ALARM (A) array_out_of_bounds: [0, 254] not included in array index range [0, 0]
9,290;Alarm (A);Out-of-bound array access;ALL_bc_with_context.c:306176.25-35;false;e;ALARM (A) array_out_of_bounds: [0, 255] not included in array index range [0, 5]
9,293;Alarm (A);Out-of-bound array access;ALL_bc_with_context.c:306179.40-53;false;e;ALARM (A) array_out_of_bounds: [0, 255] not included in array index range [0, 15]
9,299;Alarm (A);Out-of-bound array access;ALL_bc_with_context.c:222118.27-48;false;ALG TOOL: A1968 DELTA: DB true/undecided;ALARM (A) array_out_of_bounds: [-1, 9] not included in array index range [0, 9]
9,383;Alarm (A);Out-of-bound array access;ALL_bc_with_context.c:359576.24-32;false;ALG TOOL: A1968 DELTA:;ALARM (A) array_out_of_bounds: [1, 682] not included in array index range [0, 495]
9,384;Alarm (A);Out-of-bound array access;ALL_bc_with_context.c:359558.26-61;false;ALG TOOL: A1968 DELTA:;ALARM (A) array_out_of_bounds: [-494, 187] not included in array index range [0, 38]
9,385;Alarm (A);Out-of-bound array access;ALL_bc_with_context.c:359540.27-61;false;ALG TOOL: A1968 DELTA:;ALARM (A) array_out_of_bounds: [-551, 130] not included in array index range [0, 27]
9,386;Alarm (A);Out-of-bound array access;ALL_bc_with_context.c:359594.29-63;false;ALG TOOL: A1968 DELTA:;ALARM (A) array_out_of_bounds: [-551, 130] not included in array index range [0, 27]
9,387;Alarm (A);Out-of-bound array access;ALL_bc_with_context.c:359585.17-25;false;ALG TOOL: A1968 DELTA:;ALARM (A) array_out_of_bounds: [1, 682] not included in array index range [0, 495]
9,388;Alarm (A);Out-of-bound array access;ALL_bc_with_context.c:359567.19-54;false;ALG TOOL: A1968 DELTA:;ALARM (A) array_out_of_bounds: [-494, 187] not included in array index range [0, 38]
9,389;Alarm (A);Out-of-bound array access;ALL_bc_with_context.c:359549.20-54;false;ALG TOOL: A1968 DELTA:;ALARM (A) array_out_of_bounds: [-551, 130] not included in array index range [0, 27]
9,390;Alarm (A);Out-of-bound array access;ALL_bc_with_context.c:359603.22-56;false;ALG TOOL: A1968 DELTA:;ALARM (A) array_out_of_bounds: [-551, 130] not included in array index range [0, 27]
9,393;Alarm (A);Out-of-bound array access;ALL_bc_with_context.c:358798.24-32;false;ALG TOOL: A1968 DELTA:;ALARM (A) array_out_of_bounds: [1, 682] not included in array index range [0, 495]
9,394;Alarm (A);Out-of-bound array access;ALL_bc_with_context.c:358780.26-61;false;ALG TOOL: A1968 DELTA:;ALARM (A) array_out_of_bounds: [-494, 187] not included in array index range [0, 38]
9,395;Alarm (A);Out-of-bound array access;ALL_bc_with_context.c:358762.27-61;false;ALG TOOL: A1968 DELTA:;ALARM (A) array_out_of_bounds: [-551, 130] not included in array index range [0, 27]
9,396;Alarm (A);Out-of-bound array access;ALL_bc_with_context.c:358816.29-63;false;ALG TOOL: A1968 DELTA:;ALARM (A) array_out_of_bounds: [-551, 130] not included in array index range [0, 27]
9,397;Alarm (A);Out-of-bound array access;ALL_bc_with_context.c:358807.17-25;false;ALG TOOL: A1968 DELTA:;ALARM (A) array_out_of_bounds: [1, 682] not included in array index range [0, 495]
9,398;Alarm (A);Out-of-bound array access;ALL_bc_with_context.c:358789.19-54;false;ALG TOOL: A1968 DELTA:;ALARM (A) array_out_of_bounds: [-494, 187] not included in array index range [0, 38]
9,399;Alarm (A);Out-of-bound array access;ALL_bc_with_context.c:358771.20-54;false;ALG TOOL: A1968 DELTA:;ALARM (A) array_out_of_bounds: [-551, 130] not included in array index range [0, 27]
9,400;Alarm (A);Out-of-bound array access;ALL_bc_with_context.c:358825.22-56;false;ALG TOOL: A1968 DELTA:;ALARM (A) array_out_of_bounds: [-551, 130] not included in array index range [0, 27]
9,406;Alarm (A);Out-of-bound array access;ALL_bc_with_context.c:353943.76-84;false;ALG TOOL: A1968 DELTA:;ALARM (A) array_out_of_bounds: [0, 255] not included in array index range [0, 21]
9,410;Alarm (A);Out-of-bound array access;ALL_bc_with_context.c:352750.86-94;false;ALG TOOL: A1968 DELTA:;ALARM (A) array_out_of_bounds: [0, 255] not included in array index range [0, 21]
9,417;Alarm (A);Out-of-bound array access;ALL_bc_with_context.c:348840.33-41;false;ALG TOOL: A1968 DELTA:;ALARM (A) array_out_of_bounds: [0, 4095] not included in array index range [0, 719]
9,418;Alarm (A);Out-of-bound array access;ALL_bc_with_context.c:348840.65-78;false;ALG TOOL: A1968 DELTA:;ALARM (A) array_out_of_bounds: [1, 720] not included in array index range [0, 719]
9,473;Alarm (A);Out-of-bound array access;ALL_bc_with_context.c:328248.57-63;false;ALG TOOL: A1968 DELTA:;ALARM (A) array_out_of_bounds: [0, 255] not included in array index range [0, 5]
9,474;Alarm (A);Out-of-bound array access;ALL_bc_with_context.c:328248.34-71;false;ALG TOOL: A1968 DELTA:;ALARM (A) array_out_of_bounds: [0, 255] not included in array index range [0, 1]
9,512;Alarm (A);Out-of-bound array access;ALL_bc_with_context.c:326451.37-43;false;ALG TOOL: A1968 DELTA:;ALARM (A) array_out_of_bounds: [0, 255] not included in array index range [0, 5]
9,516;Alarm (A);Out-of-bound array access;ALL_bc_with_context.c:326493.36-58;false;ALG TOOL: A1968 DELTA:;ALARM (A) array_out_of_bounds: [0, 255] not included in array index range [0, 1]
9,605;Alarm (A);Out-of-bound array access;ALL_bc_with_context.c:284339.40-78;false;ALG TOOL: A1968 DELTA:;ALARM (A) array_out_of_bounds: [0, 255] not included in array index range [0, 16]
9,642;Alarm (A);Out-of-bound array access;ALL_bc_with_context.c:284090.35-56;false;ALG TOOL: A1968 DELTA:;ALARM (A) array_out_of_bounds: [0, 255] not included in array index range [0, 5]
9,644;Alarm (A);Out-of-bound array access;ALL_bc_with_context.c:284091.35-56;false;ALG TOOL: A1968 DELTA:;ALARM (A) array_out_of_bounds: [0, 255] not included in array index range [0, 5]
9,663;Alarm (A);Out-of-bound array access;ALL_bc_with_context.c:284276.44-59;false;ALG TOOL: A1968 DELTA:;ALARM (A) array_out_of_bounds: [0, 255] not included in array index range [0, 1]
9,684;Alarm (A);Out-of-bound array access;ALL_bc_with_context.c:283837.38-90;false;ALG TOOL: A1968 DELTA:;ALARM (A) array_out_of_bounds: [0, 255] not included in array index range [0, 1]
9,686;Alarm (A);Out-of-bound array access;ALL_bc_with_context.c:283843.38-90;false;ALG TOOL: A1968 DELTA:;ALARM (A) array_out_of_bounds: [0, 255] not included in array index range [0, 1]
9,688;Alarm (A);Out-of-bound array access;ALL_bc_with_context.c:283876.75-113;false;ALG TOOL: A1968 DELTA:;ALARM (A) array_out_of_bounds: [0, 255] not included in array index range [0, 16]
9,712;Alarm (A);Out-of-bound array access;ALL_bc_with_context.c:269505.53-63;false;ALG TOOL: A1968 DELTA:;ALARM (A) array_out_of_bounds: [0, 114] not included in array index range [0, 2]
9,744;Alarm (A);Out-of-bound array access;ALL_bc_with_context.c:269096.48-55;false;ALG TOOL: A1968 DELTA: DB true/undecided;ALARM (A) array_out_of_bounds: [0, 114] not included in array index range [0, 5]
9,747;Alarm (A);Out-of-bound array access;ALL_bc_with_context.c:269054.27-36;false;ALG TOOL: A1968 DELTA:;ALARM (A) array_out_of_bounds: [0, 10] not included in array index range [0, 9]
9,748;Alarm (A);Out-of-bound array access;ALL_bc_with_context.c:269057.27-36;false;ALG TOOL: A1968 DELTA:;ALARM (A) array_out_of_bounds: [0, 10] not included in array index range [0, 9]
9,750;Alarm (A);Out-of-bound array access;ALL_bc_with_context.c:269061.27-36;false;ALG TOOL: A1968 DELTA:;ALARM (A) array_out_of_bounds: [0, 10] not included in array index range [0, 9]
9,752;Alarm (A);Out-of-bound array access;ALL_bc_with_context.c:269114.97-111;false;ALG TOOL: A1968 DELTA:;ALARM (A) array_out_of_bounds: [0, 255] not included in array index range [0, 5]
9,757;Alarm (A);Out-of-bound array access;ALL_bc_with_context.c:269127.35-44;false;ALG TOOL: A1968 DELTA: DB true/undecided;ALARM (A) array_out_of_bounds: [0, 10] not included in array index range [0, 9]
9,758;Alarm (A);Out-of-bound array access;ALL_bc_with_context.c:269134.39-48;false;ALG TOOL: A1968 DELTA: DB true/undecided;ALARM (A) array_out_of_bounds: [0, 10] not included in array index range [0, 9]
9,759;Alarm (A);Out-of-bound array access;ALL_bc_with_context.c:269072.23-32;false;ALG TOOL: A1968 DELTA:;ALARM (A) array_out_of_bounds: [0, 10] not included in array index range [0, 9]
9,763;Alarm (A);Out-of-bound array access;ALL_bc_with_context.c:268574.71-77;false;h;ALARM (A) array_out_of_bounds: [0, 119] not included in array index range [0, 105]
9,768;Alarm (A);Out-of-bound array access;ALL_bc_with_context.c:266777.61-71;false;ALG TOOL: A1968 DELTA:;ALARM (A) array_out_of_bounds: [0, 128] not included in array index range [0, 2]
9,772;Alarm (A);Out-of-bound array access;ALL_bc_with_context.c:266638.38-53;false;ALG TOOL: A1968 DELTA: DB true/undecided;ALARM (A) array_out_of_bounds: [0, 255] not included in array index range [0, 63]
9,792;Alarm (A);Out-of-bound array access;ALL_bc_with_context.c:266280.98-146;false;ALG TOOL: A1968 DELTA:;ALARM (A) array_out_of_bounds: [0, 255] not included in array index range [0, 2]
9,818;Alarm (A);Out-of-bound array access;ALL_bc_with_context.c:266087.23-39;false;ALG TOOL: A1968 DELTA:;ALARM (A) array_out_of_bounds: [0, 255] not included in array index range [0, 2]
10,036;Alarm (A);Out-of-bound array access;ALL_bc_with_context.c:264935.50-60;false;ALG TOOL: A1968 DELTA:;ALARM (A) array_out_of_bounds: [0, 255] not included in array index range [0, 2]
10,164;Alarm (A);Out-of-bound array access;ALL_bc_with_context.c:262942.26-74;false;ALG TOOL: A1968 DELTA:;ALARM (A) array_out_of_bounds: [0, 255] not included in array index range [0, 2]
10,165;Alarm (A);Out-of-bound array access;ALL_bc_with_context.c:262985.104-117;false;ALG TOOL: A1968 DELTA:;ALARM (A) array_out_of_bounds: [0, 255] not included in array index range [0, 1]
10,187;Alarm (A);Out-of-bound array access;ALL_bc_with_context.c:262524.25-73;false;ALG TOOL: A1968 DELTA:;ALARM (A) array_out_of_bounds: [0, 255] not included in array index range [0, 2]
10,188;Alarm (A);Out-of-bound array access;ALL_bc_with_context.c:262269.32-37;false;ALG TOOL: A1968 DELTA:;ALARM (A) array_out_of_bounds: [0, 255] not included in array index range [0, 2]
10,192;Alarm (A);Out-of-bound array access;ALL_bc_with_context.c:261958.36-46;false;ALG TOOL: A1968 DELTA:;ALARM (A) array_out_of_bounds: [0, 65535] not included in array index range [0, 64]
10,193;Alarm (A);Out-of-bound array access;ALL_bc_with_context.c:261966.32-42;false;ALG TOOL: A1968 DELTA: DB true/undecided;ALARM (A) array_out_of_bounds: [0, 266] not included in array index range [0, 124]
10,226;Alarm (A);Out-of-bound array access;ALL_bc_with_context.c:260380.59-77;false;ALG TOOL: A1968 DELTA:;ALARM (A) array_out_of_bounds: [1, 125] not included in array index range [0, 64]
10,247;Alarm (A);Out-of-bound array access;ALL_bc_with_context.c:260418.55-61;false;ALG TOOL: A1968 DELTA:;ALARM (A) array_out_of_bounds: [0, 255] not included in array index range [0, 64]
10,253;Alarm (A);Out-of-bound array access;ALL_bc_with_context.c:259187.40-74;false;ALG TOOL: A1968 DELTA:;ALARM (A) array_out_of_bounds: [0, 255] not included in array index range [0, 8]
10,409;Alarm (A);Out-of-bound array access;ALL_bc_with_context.c:250169.36-54;false;ALG TOOL: A1968 DELTA:;ALARM (A) array_out_of_bounds: [0, 255] not included in array index range [0, 20]
10,410;Alarm (A);Out-of-bound array access;ALL_bc_with_context.c:250170.40-65;false;ALG TOOL: A1968 DELTA:;ALARM (A) array_out_of_bounds: [0, 255] not included in array index range [0, 20]
10,412;Alarm (A);Out-of-bound array access;ALL_bc_with_context.c:592236.29-36;false;ALG TOOL: A1968 DELTA:;ALARM (A) array_out_of_bounds: [0, 255] not included in array index range [0, 19]
10,416;Alarm (A);Out-of-bound array access;ALL_bc_with_context.c:592458.28-45;false;ALG TOOL: A1968 DELTA: DB true/undecided;ALARM (A) array_out_of_bounds: [0, 3] not included in array index range [0, 2]
10,435;Alarm (A);Out-of-bound array access;ALL_bc_with_context.c:592114.24-41;false;ALG TOOL: A1968 DELTA: DB true/undecided;ALARM (A) array_out_of_bounds: [0, 6] not included in array index range [0, 5]
10,436;Alarm (A);Out-of-bound array access;ALL_bc_with_context.c:592143.75-83;false;ALG TOOL: A1968 DELTA:;ALARM (A) array_out_of_bounds: [0, 6] not included in array index range [0, 5]
10,440;Alarm (A);Out-of-bound array access;ALL_bc_with_context.c:592176.57-65;false;ALG TOOL: A1968 DELTA:;ALARM (A) array_out_of_bounds: [0, 6] not included in array index range [0, 5]
10,492;Alarm (A);Out-of-bound array access;ALL_bc_with_context.c:250013.41-94;false;ALG TOOL: A1968 DELTA:;ALARM (A) array_out_of_bounds: [0, 255] not included in array index range [0, 19]
10,493;Alarm (A);Out-of-bound array access;ALL_bc_with_context.c:250040.37-90;false;ALG TOOL: A1968 DELTA:;ALARM (A) array_out_of_bounds: [0, 255] not included in array index range [0, 19]
10,548;Alarm (A);Out-of-bound array access;ALL_bc_with_context.c:254190.41-47;false;ALG TOOL: A1968 DELTA:;ALARM (A) array_out_of_bounds: [0, 254] not included in array index range [0, 19]
10,570;Alarm (A);Out-of-bound array access;ALL_bc_with_context.c:253655.59-67;false;ALG TOOL: A1968 DELTA:;ALARM (A) array_out_of_bounds: [0, 45] not included in array index range [0, 44]
10,583;Alarm (A);Out-of-bound array access;ALL_bc_with_context.c:253705.54-253706.63;false;e;ALARM (A) array_out_of_bounds: [0, 4294967295] not included in array index range [0, 1539]
10,588;Alarm (A);Out-of-bound array access;ALL_bc_with_context.c:253761.58-64;false;ALG TOOL: A1968 DELTA:;ALARM (A) array_out_of_bounds: [0, 254] not included in array index range [0, 19]
10,611;Alarm (A);Out-of-bound array access;ALL_bc_with_context.c:253907.75-94;false;e;ALARM (A) array_out_of_bounds: [0, 4294967295] not included in array index range [0, 399]
10,620;Alarm (A);Out-of-bound array access;ALL_bc_with_context.c:250824.88-94;false;ALG TOOL: A1968 DELTA:;ALARM (A) array_out_of_bounds: [0, 255] not included in array index range [0, 19]
10,623;Alarm (A);Out-of-bound array access;ALL_bc_with_context.c:250751.55-64;false;ALG TOOL: A1968 DELTA:;ALARM (A) array_out_of_bounds: [0, 20] not included in array index range [0, 19]
10,624;Alarm (A);Out-of-bound array access;ALL_bc_with_context.c:250756.43-49;false;ALG TOOL: A1968 DELTA:;ALARM (A) array_out_of_bounds: [0, 255] not included in array index range [0, 19]
10,651;Alarm (A);Out-of-bound array access;ALL_bc_with_context.c:249144.74-101;false;e;ALARM (A) array_out_of_bounds: [0, 5] not included in array index range [0, 1]
10,666;Alarm (A);Out-of-bound array access;ALL_bc_with_context.c:247865.25-52;false;ALG TOOL: A1968 DELTA:;ALARM (A) array_out_of_bounds: [0, 3] not included in array index range [0, 2]
10,678;Alarm (A);Out-of-bound array access;ALL_bc_with_context.c:247614.21-48;false;ALG TOOL: A1968 DELTA: DB true/undecided;ALARM (A) array_out_of_bounds: [0, 3] not included in array index range [0, 2]
10,694;Alarm (A);Out-of-bound array access;ALL_bc_with_context.c:246026.84-109;false;ALG TOOL: A1968 DELTA: DB true/undecided;ALARM (A) array_out_of_bounds: [0, 65535] not included in array index range [0, 0]
10,700;Alarm (A);Out-of-bound array access;ALL_bc_with_context.c:246368.79-104;false;ALG TOOL: A1968 DELTA: DB true/undecided;ALARM (A) array_out_of_bounds: [0, 65535] not included in array index range [0, 11]
10,702;Alarm (A);Out-of-bound array access;ALL_bc_with_context.c:246399.79-104;false;ALG TOOL: A1968 DELTA:;ALARM (A) array_out_of_bounds: [0, 65535] not included in array index range [0, 11]
10,705;Alarm (A);Out-of-bound array access;ALL_bc_with_context.c:246200.74-94;false;ALG TOOL: A1968 DELTA:;ALARM (A) array_out_of_bounds: [0, 4294967295] not included in array index range [0, 5]
10,706;Alarm (A);Out-of-bound array access;ALL_bc_with_context.c:245895.31-49;false;m;ALARM (A) array_out_of_bounds: [0, 265] not included in array index range [0, 3]
10,709;Alarm (A);Out-of-bound array access;ALL_bc_with_context.c:245438.39-64;false;ALG TOOL: A1968 DELTA: DB true/undecided;ALARM (A) array_out_of_bounds: [0, 65535] not included in array index range [0, 0]
10,710;Alarm (A);Out-of-bound array access;ALL_bc_with_context.c:245448.39-64;false;ALG TOOL: A1968 DELTA: DB true/undecided;ALARM (A) array_out_of_bounds: [0, 65535] not included in array index range [0, 0]
10,727;Alarm (A);Out-of-bound array access;ALL_bc_with_context.c:245672.34-59;false;ALG TOOL: A1968 DELTA: DB true/undecided;ALARM (A) array_out_of_bounds: [0, 65535] not included in array index range [0, 11]
10,728;Alarm (A);Out-of-bound array access;ALL_bc_with_context.c:245682.34-59;false;ALG TOOL: A1968 DELTA:;ALARM (A) array_out_of_bounds: [0, 65535] not included in array index range [0, 11]
10,732;Alarm (A);Out-of-bound array access;ALL_bc_with_context.c:245559.74-94;false;ALG TOOL: A1968 DELTA:;ALARM (A) array_out_of_bounds: [0, 4294967295] not included in array index range [0, 5]
10,733;Alarm (A);Out-of-bound array access;ALL_bc_with_context.c:245260.49-67;false;ALG TOOL: A1968 DELTA:;ALARM (A) array_out_of_bounds: [0, 29] not included in array index range [0, 6]
10,765;Alarm (A);Out-of-bound array access;ALL_bc_with_context.c:239314.40-53;false;ALG TOOL: A1968 DELTA:;ALARM (A) array_out_of_bounds: [1, 2147483653] not included in array index range [0, 6]
10,767;Alarm (A);Out-of-bound array access;ALL_bc_with_context.c:243545.95-132;false;ALG TOOL: A1968 DELTA:;ALARM (A) array_out_of_bounds: [0, 297] not included in array index range [0, 6]
10,887;Alarm (A);Out-of-bound array access;ALL_bc_with_context.c:241269.68-104;false;ALG TOOL: A1968 DELTA:;ALARM (A) array_out_of_bounds: [0, 65535] not included in array index range [0, 297]
10,903;Alarm (A);Out-of-bound array access;ALL_bc_with_context.c:242158.77-125;false;ALG TOOL: A1968 DELTA:;ALARM (A) array_out_of_bounds: [0, 65535] not included in array index range [0, 297]
10,905;Alarm (A);Out-of-bound array access;ALL_bc_with_context.c:241336.57-105;false;ALG TOOL: A1968 DELTA:;ALARM (A) array_out_of_bounds: [0, 65535] not included in array index range [0, 297]
10,922;Alarm (A);Out-of-bound array access;ALL_bc_with_context.c:239497.51-85;false;ALG TOOL: A1968 DELTA:;ALARM (A) array_out_of_bounds: [0, 65535] not included in array index range [0, 297]
10,926;Alarm (A);Out-of-bound array access;ALL_bc_with_context.c:238794.171-205;false;ALG TOOL: A1968 DELTA:;ALARM (A) array_out_of_bounds: [0, 65535] not included in array index range [0, 297]
10,927;Alarm (A);Out-of-bound array access;ALL_bc_with_context.c:238875.69-115;false;ALG TOOL: A1968 DELTA:;ALARM (A) array_out_of_bounds: [0, 65535] not included in array index range [0, 297]
10,941;Alarm (A);Out-of-bound array access;ALL_bc_with_context.c:239660.59-90;false;ALG TOOL: A1968 DELTA:;ALARM (A) array_out_of_bounds: [0, 65535] not included in array index range [0, 297]
10,947;Alarm (A);Out-of-bound array access;ALL_bc_with_context.c:239185.145-179;false;ALG TOOL: A1968 DELTA:;ALARM (A) array_out_of_bounds: [0, 65535] not included in array index range [0, 297]
10,962;Alarm (A);Out-of-bound array access;ALL_bc_with_context.c:238328.97-110;false;ALG TOOL: A1968 DELTA: DB true/undecided;ALARM (A) array_out_of_bounds: [-1, 3] not included in array index range [0, 4]
10,990;Alarm (A);Out-of-bound array access;ALL_bc_with_context.c:237859.24-75;false;ALG TOOL: A1968 DELTA: DB true/undecided;ALARM (A) array_out_of_bounds: [0, 263] not included in array index range [0, 11]
10,995;Alarm (A);Out-of-bound array access;ALL_bc_with_context.c:232601.46-92;false;ALG TOOL: A1968 DELTA:;ALARM (A) array_out_of_bounds: [0, 65535] not included in array index range [0, 297]
11,294;Alarm (A);Out-of-bound array access;ALL_bc_with_context.c:202756.18-43;false;ALG TOOL: A1968 DELTA:;ALARM (A) array_out_of_bounds: [0, 255] not included in array index range [0, 8]
11,420;Alarm (A);Out-of-bound array access;ALL_bc_with_context.c:180878.36-53;false;ALG TOOL: A1968 DELTA:;ALARM (A) array_out_of_bounds: [0, 65535] not included in array index range [0, 42]
11,441;Alarm (A);Out-of-bound array access;ALL_bc_with_context.c:154147.49-56;false;ALG TOOL: A1968 DELTA:;ALARM (A) array_out_of_bounds: [0, 5] not included in array index range [0, 3]
11,442;Alarm (A);Out-of-bound array access;ALL_bc_with_context.c:154194.47-54;false;ALG TOOL: A1968 DELTA:;ALARM (A) array_out_of_bounds: [0, 5] not included in array index range [0, 3]
11,457;Alarm (A);Out-of-bound array access;ALL_bc_with_context.c:77322.24-43;false;ALG TOOL: A1968 DELTA: DB true/undecided;ALARM (A) array_out_of_bounds: [0, 255] not included in array index range [0, 2]
11,458;Alarm (A);Out-of-bound array access;ALL_bc_with_context.c:77363.20-39;false;ALG TOOL: A1968 DELTA: DB true/undecided;ALARM (A) array_out_of_bounds: [0, 255] not included in array index range [0, 2]
11,462;Alarm (A);Out-of-bound array access;ALL_bc_with_context.c:152753.30-59;false;ALG TOOL: A1968 DELTA: DB true/undecided;ALARM (A) array_out_of_bounds: [0, 255] not included in array index range [0, 22]
11,463;Alarm (A);Out-of-bound array access;ALL_bc_with_context.c:152756.30-59;false;ALG TOOL: A1968 DELTA:;ALARM (A) array_out_of_bounds: [0, 255] not included in array index range [0, 22]
11,487;Alarm (A);Out-of-bound array access;ALL_bc_with_context.c:127474.70-76;false;h;ALARM (A) array_out_of_bounds: [0, 119] not included in array index range [0, 114]
11,882;Alarm (A);Out-of-bound array access;ALL_bc_with_context.c:125753.27-64;false;ALG TOOL: A1968 DELTA:;ALARM (A) array_out_of_bounds: [0, 255] not included in array index range [0, 8]
11,917;Alarm (A);Out-of-bound array access;ALL_bc_with_context.c:107123.23-26;false;e;ALARM (A) array_out_of_bounds: [0, 255] not included in array index range [0, 16]
11,920;Alarm (A);Out-of-bound array access;ALL_bc_with_context.c:107123.73-81;false;e;ALARM (A) array_out_of_bounds: [0, 4294967295] not included in array index range [0, 16]
12,054;Alarm (A);Out-of-bound array access;ALL_bc_with_context.c:101572.59-71;false;e;ALARM (A) array_out_of_bounds: [0, 29] not included in array index range [0, 7]
12,099;Alarm (A);Out-of-bound array access;ALL_bc_with_context.c:98642.18-26;false;ALG TOOL: A1968 DELTA:;ALARM (A) array_out_of_bounds: [0, 4095] not included in array index range [0, 682]
12,100;Alarm (A);Out-of-bound array access;ALL_bc_with_context.c:98651.25-43;false;ALG TOOL: A1968 DELTA:;ALARM (A) array_out_of_bounds: [0, 255] not included in array index range [0, 42]
12,104;Alarm (A);Out-of-bound array access;ALL_bc_with_context.c:98277.18-26;false;ALG TOOL: A1968 DELTA:;ALARM (A) array_out_of_bounds: [0, 4095] not included in array index range [0, 682]
12,105;Alarm (A);Out-of-bound array access;ALL_bc_with_context.c:98288.25-43;false;ALG TOOL: A1968 DELTA:;ALARM (A) array_out_of_bounds: [0, 255] not included in array index range [0, 42]
12,106;Alarm (A);Out-of-bound array access;ALL_bc_with_context.c:98347.33-51;false;e;ALARM (A) array_out_of_bounds: [0, 255] not included in array index range [0, 42]
12,115;Alarm (A);Out-of-bound array access;ALL_bc_with_context.c:96379.52-80;false;ALG TOOL: A1968 DELTA:;ALARM (A) array_out_of_bounds: [0, 255] not included in array index range [0, 7]
12,134;Alarm (A);Out-of-bound array access;ALL_bc_with_context.c:93312.87-97;false;ALG TOOL: A1968 DELTA: DB true/undecided;ALARM (A) array_out_of_bounds: [0, 255] not included in array index range [0, 51]
12,136;Alarm (A);Out-of-bound array access;ALL_bc_with_context.c:93319.27-40;false;ALG TOOL: A1968 DELTA:;ALARM (A) array_out_of_bounds: [0, 266] not included in array index range [0, 124]
12,137;Alarm (A);Out-of-bound array access;ALL_bc_with_context.c:93329.48-61;false;ALG TOOL: A1968 DELTA: DB true/undecided;ALARM (A) array_out_of_bounds: [0, 266] not included in array index range [0, 124]
12,143;Alarm (A);Out-of-bound array access;ALL_bc_with_context.c:92786.39-49;false;ALG TOOL: A1968 DELTA:;ALARM (A) array_out_of_bounds: [0, 255] not included in array index range [0, 64]
12,155;Alarm (A);Out-of-bound array access;ALL_bc_with_context.c:92894.33-39;false;ALG TOOL: A1968 DELTA: DB true/undecided;ALARM (A) array_out_of_bounds: [0, 266] not included in array index range [0, 124]
12,158;Alarm (A);Out-of-bound array access;ALL_bc_with_context.c:92376.84-101;false;ALG TOOL: A1968 DELTA: DB true/undecided;ALARM (A) array_out_of_bounds: [0, 127] not included in array index range [0, 76]
12,159;Alarm (A);Out-of-bound array access;ALL_bc_with_context.c:92388.84-101;false;ALG TOOL: A1968 DELTA: DB true/undecided;ALARM (A) array_out_of_bounds: [0, 127] not included in array index range [0, 76]
12,256;Alarm (A);Out-of-bound array access;ALL_bc_with_context.c:78550.37-45;false;ALG TOOL: A1968 DELTA:;ALARM (A) array_out_of_bounds: [0, 7] not included in array index range [0, 0]
12,284;Alarm (A);Out-of-bound array access;ALL_bc_with_context.c:200103.34-44;false;ALG TOOL: A1968 DELTA:;ALARM (A) array_out_of_bounds: [0, 65535] not included in array index range [0, 50]
12,285;Alarm (A);Out-of-bound array access;ALL_bc_with_context.c:200114.33-43;false;ALG TOOL: A1968 DELTA:;ALARM (A) array_out_of_bounds: [0, 65535] not included in array index range [0, 50]
12,286;Alarm (A);Out-of-bound array access;ALL_bc_with_context.c:30533.62-72;false;ALG TOOL: A1968 DELTA:;ALARM (A) array_out_of_bounds: [0, 65535] not included in array index range [0, 50]
12,287;Alarm (A);Out-of-bound array access;ALL_bc_with_context.c:192882.32-42;false;ALG TOOL: A1968 DELTA:;ALARM (A) array_out_of_bounds: [0, 65535] not included in array index range [0, 50]
12,288;Alarm (A);Out-of-bound array access;ALL_bc_with_context.c:199424.28-38;false;ALG TOOL: A1968 DELTA:;ALARM (A) array_out_of_bounds: [0, 65535] not included in array index range [0, 50]
